/*
SQLyog Enterprise - MySQL GUI v8.05 
MySQL - 5.5.51-38.2 : Database - alangb01_lvbcp4
*********************************************************************
*/

/*!40101 SET NAMES utf8 */;

/*!40101 SET SQL_MODE=''*/;

/*!40014 SET @OLD_FOREIGN_KEY_CHECKS=@@FOREIGN_KEY_CHECKS, FOREIGN_KEY_CHECKS=0 */;
/*!40101 SET @OLD_SQL_MODE=@@SQL_MODE, SQL_MODE='NO_AUTO_VALUE_ON_ZERO' */;

CREATE DATABASE /*!32312 IF NOT EXISTS*/`alangb01_lvbcp4` /*!40100 DEFAULT CHARACTER SET utf8 COLLATE utf8_unicode_ci */;

USE `alangb01_lvbcp4`;

/*Table structure for table `adjuntos` */

DROP TABLE IF EXISTS `adjuntos`;

CREATE TABLE `adjuntos` (
  `id` int(10) unsigned NOT NULL AUTO_INCREMENT,
  `id_miembro` int(10) unsigned NOT NULL,
  `tipo` int(11) NOT NULL,
  `ruta_archivo` varchar(255) COLLATE utf8_unicode_ci NOT NULL,
  `created_at` timestamp NULL DEFAULT NULL,
  `updated_at` timestamp NULL DEFAULT NULL,
  PRIMARY KEY (`id`)
) ENGINE=MyISAM AUTO_INCREMENT=23 DEFAULT CHARSET=utf8 COLLATE=utf8_unicode_ci;

/*Data for the table `adjuntos` */

insert  into `adjuntos`(`id`,`id_miembro`,`tipo`,`ruta_archivo`,`created_at`,`updated_at`) values (1,1,3,'Quia necessitatibus iure sed eveniet minus.','2016-11-17 21:18:40','2016-11-17 21:18:40'),(2,5,3,'Distinctio rerum et iusto.','2016-11-17 21:18:40','2016-11-17 21:18:40'),(3,2,2,'Veritatis tenetur totam odit quod sint sapiente.','2016-11-17 21:18:40','2016-11-17 21:18:40'),(4,3,2,'Autem ut inventore vel debitis dolorem enim est.','2016-11-17 21:18:40','2016-11-17 21:18:40'),(5,14,1,'Veritatis non rerum et modi dolor.','2016-11-17 21:18:40','2016-11-17 21:18:40'),(6,8,3,'Qui quia architecto ut iure.','2016-11-17 21:18:40','2016-11-17 21:18:40'),(7,6,2,'Deleniti commodi amet omnis dolor.','2016-11-17 21:18:40','2016-11-17 21:18:40'),(8,20,3,'Ut facere soluta qui sed mollitia eum.','2016-11-17 21:18:40','2016-11-17 21:18:40'),(9,4,2,'Soluta blanditiis incidunt molestias odio quidem.','2016-11-17 21:18:40','2016-11-17 21:18:40'),(10,15,1,'Quia eaque est amet quos et assumenda quia.','2016-11-17 21:18:40','2016-11-17 21:18:40'),(11,11,2,'In qui eaque autem porro.','2016-11-17 21:18:40','2016-11-17 21:18:40'),(12,5,3,'Laborum architecto sunt dolorum at ut.','2016-11-17 21:18:40','2016-11-17 21:18:40'),(13,3,3,'Ipsam fuga nisi deleniti soluta hic ducimus cum.','2016-11-17 21:18:40','2016-11-17 21:18:40'),(14,13,2,'Quaerat molestiae nulla enim similique.','2016-11-17 21:18:40','2016-11-17 21:18:40'),(15,20,2,'Provident nihil incidunt qui quos inventore ut.','2016-11-17 21:18:40','2016-11-17 21:18:40'),(16,15,1,'Ut debitis eos asperiores aut porro rerum.','2016-11-17 21:18:40','2016-11-17 21:18:40'),(17,2,2,'Ea quisquam omnis consequatur eos aut.','2016-11-17 21:18:40','2016-11-17 21:18:40'),(18,17,1,'Iste optio magnam rerum.','2016-11-17 21:18:40','2016-11-17 21:18:40'),(19,18,2,'Natus saepe architecto quod. Aut neque iure modi.','2016-11-17 21:18:40','2016-11-17 21:18:40'),(20,6,2,'Sed modi ab perferendis alias eveniet et.','2016-11-17 21:18:40','2016-11-17 21:18:40'),(21,110,20,'proyecto-6/multimedia/sucursal-Mn1PIbzf8Q--gastelo-charly-imagen-0.jpg','2016-12-10 11:04:07','2016-12-10 11:04:07'),(22,110,30,'proyecto-6/multimedia/sucursal-Mn1PIbzf8Q--gastelo-charly-video-0.mp4','2016-12-10 11:04:57','2016-12-10 11:04:57');

/*Table structure for table `apuntes` */

DROP TABLE IF EXISTS `apuntes`;

CREATE TABLE `apuntes` (
  `id` int(10) unsigned NOT NULL AUTO_INCREMENT,
  `id_miembro` int(10) unsigned NOT NULL,
  `titulo` varchar(255) COLLATE utf8_unicode_ci NOT NULL,
  `comentario` varchar(255) COLLATE utf8_unicode_ci NOT NULL,
  `ruta_archivo` varchar(255) COLLATE utf8_unicode_ci NOT NULL,
  `created_at` timestamp NULL DEFAULT NULL,
  `updated_at` timestamp NULL DEFAULT NULL,
  PRIMARY KEY (`id`)
) ENGINE=MyISAM AUTO_INCREMENT=23 DEFAULT CHARSET=utf8 COLLATE=utf8_unicode_ci;

/*Data for the table `apuntes` */

insert  into `apuntes`(`id`,`id_miembro`,`titulo`,`comentario`,`ruta_archivo`,`created_at`,`updated_at`) values (1,11,'Ea voluptatum est dolor ab maiores omnis ut.','Consequuntur quo ex animi occaecati.','Enim et aut voluptas a.','2016-11-17 21:18:40','2016-11-17 21:18:40'),(2,9,'Ipsa minus cum nisi sed quae deserunt.','Id et adipisci qui itaque voluptates.','Cumque rem hic veritatis incidunt.','2016-11-17 21:18:40','2016-11-17 21:18:40'),(3,6,'Quae aut quis labore quam rerum nemo.','Vel dolorem atque mollitia et.','Dolore quae est eos est neque dolorem dolor.','2016-11-17 21:18:40','2016-11-17 21:18:40'),(4,16,'Molestiae et voluptas optio voluptatem.','Cupiditate molestias sed eum alias.','Dolores enim molestias sed rerum rerum molestiae.','2016-11-17 21:18:40','2016-11-17 21:18:40'),(5,18,'Asperiores minus a esse quasi et consequatur sed.','Omnis qui omnis consequuntur error.','Voluptatibus et eius voluptas et.','2016-11-17 21:18:40','2016-11-17 21:18:40'),(6,12,'Natus doloremque deserunt modi amet eos.','Minima et et in deleniti cum velit pariatur.','Ullam id in ipsum eum molestias molestiae.','2016-11-17 21:18:40','2016-11-17 21:18:40'),(7,17,'Rem illo maxime ut.','Porro exercitationem dignissimos officiis quasi.','Nostrum nihil enim occaecati inventore.','2016-11-17 21:18:40','2016-11-17 21:18:40'),(8,14,'Odit adipisci placeat eligendi ut.','Et reprehenderit nihil dolores in.','Porro eveniet dicta ipsum id ad voluptatem.','2016-11-17 21:18:40','2016-11-17 21:18:40'),(9,18,'Nisi debitis consequatur fugiat totam.','Esse quod quas qui iste.','Architecto qui praesentium explicabo dolorum.','2016-11-17 21:18:40','2016-11-17 21:18:40'),(10,10,'Quis cum rerum explicabo minima saepe.','Quis ipsam vel occaecati nihil.','Facilis quos sit ab minima.','2016-11-17 21:18:40','2016-11-17 21:18:40'),(11,5,'Laudantium quas non et.','Eos aut ea laborum at et repudiandae voluptatum.','Tenetur architecto laboriosam quibusdam incidunt.','2016-11-17 21:18:40','2016-11-17 21:18:40'),(12,6,'Culpa voluptas eveniet rerum aperiam iste.','Fugit consequatur aut est doloribus inventore.','Accusamus aut laudantium nostrum natus.','2016-11-17 21:18:40','2016-11-17 21:18:40'),(13,3,'Reiciendis quibusdam blanditiis id.','Id et enim expedita quia dolorum aut expedita.','Illo beatae fugiat omnis quia.','2016-11-17 21:18:40','2016-11-17 21:18:40'),(14,5,'Sint sit commodi eos dolore voluptas qui atque.','Sunt excepturi qui sed voluptatem.','Ducimus doloribus ut ad rerum.','2016-11-17 21:18:40','2016-11-17 21:18:40'),(15,20,'Porro ducimus iure a ea iusto.','Est voluptatem qui et.','Delectus rerum aliquam quisquam omnis.','2016-11-17 21:18:40','2016-11-17 21:18:40'),(16,13,'Amet sit quidem nihil iure enim dolore sit.','Sapiente doloribus voluptatem aperiam et.','Ullam ducimus ad quia explicabo enim ipsa quod.','2016-11-17 21:18:40','2016-11-17 21:18:40'),(17,15,'Adipisci in sapiente omnis unde a velit minus.','Dolore et asperiores et.','Suscipit ut ad repellendus est earum odit earum.','2016-11-17 21:18:40','2016-11-17 21:18:40'),(18,3,'Eos molestiae voluptas ratione commodi assumenda.','Quas dolorem omnis et.','Beatae magnam sint nostrum.','2016-11-17 21:18:40','2016-11-17 21:18:40'),(19,5,'Animi accusantium consequatur eum natus hic esse.','Ut repudiandae non rerum commodi est.','Fuga numquam fugiat ut mollitia.','2016-11-17 21:18:40','2016-11-17 21:18:40'),(20,20,'Sunt tenetur at et quia.','Dolores et facilis et eius quas expedita.','Tempora fugiat cumque expedita debitis.','2016-11-17 21:18:40','2016-11-17 21:18:40'),(21,109,'titulo','jjj','','2016-11-30 18:05:53','2016-11-30 18:05:53'),(22,110,'titulo','Julio Zaravia Paredes ','','2016-12-10 11:01:59','2016-12-10 11:01:59');

/*Table structure for table `cargos` */

DROP TABLE IF EXISTS `cargos`;

CREATE TABLE `cargos` (
  `id` int(10) unsigned NOT NULL AUTO_INCREMENT,
  `nombre` varchar(255) COLLATE utf8_unicode_ci NOT NULL,
  `created_at` timestamp NULL DEFAULT NULL,
  `updated_at` timestamp NULL DEFAULT NULL,
  PRIMARY KEY (`id`)
) ENGINE=MyISAM AUTO_INCREMENT=3 DEFAULT CHARSET=utf8 COLLATE=utf8_unicode_ci;

/*Data for the table `cargos` */

insert  into `cargos`(`id`,`nombre`,`created_at`,`updated_at`) values (1,'Zoey','2016-11-17 21:18:37','2016-11-17 21:18:37'),(2,'Una','2016-11-17 21:18:37','2016-11-17 21:18:37');

/*Table structure for table `chats` */

DROP TABLE IF EXISTS `chats`;

CREATE TABLE `chats` (
  `id` int(10) unsigned NOT NULL AUTO_INCREMENT,
  `id_miembro` varchar(255) COLLATE utf8_unicode_ci NOT NULL,
  `id_proyecto` varchar(255) COLLATE utf8_unicode_ci NOT NULL,
  `mensaje` varchar(255) COLLATE utf8_unicode_ci NOT NULL,
  `estado` varchar(255) COLLATE utf8_unicode_ci NOT NULL,
  `created_at` timestamp NULL DEFAULT NULL,
  `updated_at` timestamp NULL DEFAULT NULL,
  PRIMARY KEY (`id`)
) ENGINE=MyISAM AUTO_INCREMENT=37 DEFAULT CHARSET=utf8 COLLATE=utf8_unicode_ci;

/*Data for the table `chats` */

insert  into `chats`(`id`,`id_miembro`,`id_proyecto`,`mensaje`,`estado`,`created_at`,`updated_at`) values (1,'57','1','Sit nam voluptatem quia laborum consequuntur.','','2016-11-17 21:18:40','2016-11-17 21:18:40'),(2,'61','1','Rerum debitis ipsum accusamus atque.','','2016-11-17 21:18:40','2016-11-17 21:18:40'),(3,'36','2','Aut expedita vitae consequatur quia suscipit.','','2016-11-17 21:18:40','2016-11-17 21:18:40'),(4,'36','2','Unde aut minus ipsum dolore.','','2016-11-17 21:18:40','2016-11-17 21:18:40'),(5,'36','2','Molestiae vitae ut quos nisi ut pariatur eos.','','2016-11-17 21:18:40','2016-11-17 21:18:40'),(6,'10','2','Ea labore velit in qui.','','2016-11-17 21:18:40','2016-11-17 21:18:40'),(7,'62','2','Autem dolor optio ratione quidem deserunt et.','','2016-11-17 21:18:40','2016-11-17 21:18:40'),(8,'35','2','Sit et rerum veritatis unde nam quo id dicta.','','2016-11-17 21:18:40','2016-11-17 21:18:40'),(9,'46','3','Iusto omnis illo est non animi sequi.','','2016-11-17 21:18:40','2016-11-17 21:18:40'),(10,'91','3','Expedita deleniti velit nostrum explicabo.','','2016-11-17 21:18:40','2016-11-17 21:18:40'),(11,'68','3','Mollitia unde quibusdam et amet ut.','','2016-11-17 21:18:40','2016-11-17 21:18:40'),(12,'41','3','Sit voluptates dolore voluptatum est quasi.','','2016-11-17 21:18:40','2016-11-17 21:18:40'),(13,'70','3','Commodi doloremque facilis labore id nihil ipsam.','','2016-11-17 21:18:40','2016-11-17 21:18:40'),(14,'43','3','Doloremque unde sequi est omnis.','','2016-11-17 21:18:40','2016-11-17 21:18:40'),(15,'94','4','Voluptatibus non est et beatae.','','2016-11-17 21:18:40','2016-11-17 21:18:40'),(16,'22','4','Ipsa maxime optio voluptatibus itaque.','','2016-11-17 21:18:40','2016-11-17 21:18:40'),(17,'73','4','Dolorem reprehenderit incidunt eveniet.','','2016-11-17 21:18:40','2016-11-17 21:18:40'),(18,'71','4','Sint quas et et sed natus officiis dolorem neque.','','2016-11-17 21:18:40','2016-11-17 21:18:40'),(19,'97','4','Ipsum sed voluptate quia.','','2016-11-17 21:18:40','2016-11-17 21:18:40'),(20,'49','4','Nam unde quos qui consectetur vel.','','2016-11-17 21:18:40','2016-11-17 21:18:40'),(21,'21','4','Et aliquam qui pariatur optio.','','2016-11-17 21:18:40','2016-11-17 21:18:40'),(22,'23','4','Cumque aut veritatis debitis et.','','2016-11-17 21:18:40','2016-11-17 21:18:40'),(23,'24','4','Recusandae necessitatibus et quis cum dicta.','','2016-11-17 21:18:40','2016-11-17 21:18:40'),(24,'99','4','Asperiores quaerat quis quis in.','','2016-11-17 21:18:40','2016-11-17 21:18:40'),(25,'52','5','Quasi mollitia recusandae in voluptate dolor id.','','2016-11-17 21:18:40','2016-11-17 21:18:40'),(26,'52','5','Sed harum laudantium ea.','','2016-11-17 21:18:40','2016-11-17 21:18:40'),(27,'102','5','Sint et sed tenetur facere laborum.','','2016-11-17 21:18:40','2016-11-17 21:18:40'),(28,'110','6','hh','','2016-11-30 18:04:55','2016-11-30 18:04:55'),(29,'109','6','test','','2016-11-30 18:05:39','2016-11-30 18:05:39'),(30,'110','6','almuerzo','','2016-11-30 18:15:56','2016-11-30 18:15:56'),(31,'110','6','','','2016-11-30 18:15:57','2016-11-30 18:15:57'),(32,'110','6','hola','','2016-11-30 18:16:43','2016-11-30 18:16:43'),(33,'110','6','','','2016-11-30 18:16:44','2016-11-30 18:16:44'),(34,'110','6','hhh','','2016-12-09 22:01:22','2016-12-09 22:01:22'),(35,'110','6','aqui va','','2016-12-09 22:01:37','2016-12-09 22:01:37'),(36,'110','6','h','','2016-12-09 22:02:10','2016-12-09 22:02:10');

/*Table structure for table `equipos` */

DROP TABLE IF EXISTS `equipos`;

CREATE TABLE `equipos` (
  `id` int(10) unsigned NOT NULL AUTO_INCREMENT,
  `id_proyecto` int(10) unsigned NOT NULL,
  `id_sucursal` int(10) unsigned NOT NULL,
  `created_at` timestamp NULL DEFAULT NULL,
  `updated_at` timestamp NULL DEFAULT NULL,
  PRIMARY KEY (`id`)
) ENGINE=MyISAM AUTO_INCREMENT=22 DEFAULT CHARSET=utf8 COLLATE=utf8_unicode_ci;

/*Data for the table `equipos` */

insert  into `equipos`(`id`,`id_proyecto`,`id_sucursal`,`created_at`,`updated_at`) values (1,1,1,'2016-11-17 21:18:37','2016-11-17 21:18:37'),(2,2,1,'2016-11-17 21:18:37','2016-11-17 21:18:37'),(3,3,1,'2016-11-17 21:18:37','2016-11-17 21:18:37'),(4,4,1,'2016-11-17 21:18:37','2016-11-17 21:18:37'),(5,5,1,'2016-11-17 21:18:37','2016-11-17 21:18:37'),(6,1,2,'2016-11-17 21:18:37','2016-11-17 21:18:37'),(7,2,2,'2016-11-17 21:18:37','2016-11-17 21:18:37'),(8,3,2,'2016-11-17 21:18:37','2016-11-17 21:18:37'),(9,4,2,'2016-11-17 21:18:37','2016-11-17 21:18:37'),(10,5,2,'2016-11-17 21:18:37','2016-11-17 21:18:37'),(11,1,3,'2016-11-17 21:18:37','2016-11-17 21:18:37'),(12,2,3,'2016-11-17 21:18:37','2016-11-17 21:18:37'),(13,3,3,'2016-11-17 21:18:37','2016-11-17 21:18:37'),(14,4,3,'2016-11-17 21:18:37','2016-11-17 21:18:37'),(15,5,3,'2016-11-17 21:18:37','2016-11-17 21:18:37'),(16,1,4,'2016-11-17 21:18:37','2016-11-17 21:18:37'),(17,2,4,'2016-11-17 21:18:37','2016-11-17 21:18:37'),(18,3,4,'2016-11-17 21:18:37','2016-11-17 21:18:37'),(19,4,4,'2016-11-17 21:18:37','2016-11-17 21:18:37'),(20,5,4,'2016-11-17 21:18:37','2016-11-17 21:18:37'),(21,6,1,'2016-11-30 17:50:09','2016-11-30 17:50:09');

/*Table structure for table `miembros` */

DROP TABLE IF EXISTS `miembros`;

CREATE TABLE `miembros` (
  `id` int(10) unsigned NOT NULL AUTO_INCREMENT,
  `id_equipo` int(10) unsigned NOT NULL,
  `id_usuario` int(10) unsigned NOT NULL,
  `id_cargo` int(10) unsigned NOT NULL,
  `created_at` timestamp NULL DEFAULT NULL,
  `updated_at` timestamp NULL DEFAULT NULL,
  PRIMARY KEY (`id`)
) ENGINE=MyISAM AUTO_INCREMENT=111 DEFAULT CHARSET=utf8 COLLATE=utf8_unicode_ci;

/*Data for the table `miembros` */

insert  into `miembros`(`id`,`id_equipo`,`id_usuario`,`id_cargo`,`created_at`,`updated_at`) values (1,1,6,1,'2016-11-17 21:18:37','2016-11-17 21:18:37'),(2,1,7,2,'2016-11-17 21:18:37','2016-11-17 21:18:37'),(3,1,12,2,'2016-11-17 21:18:37','2016-11-17 21:18:37'),(4,1,7,2,'2016-11-17 21:18:37','2016-11-17 21:18:37'),(5,1,8,1,'2016-11-17 21:18:37','2016-11-17 21:18:37'),(6,1,2,1,'2016-11-17 21:18:37','2016-11-17 21:18:37'),(7,1,2,2,'2016-11-17 21:18:37','2016-11-17 21:18:37'),(8,1,10,1,'2016-11-17 21:18:37','2016-11-17 21:18:37'),(9,2,5,1,'2016-11-17 21:18:37','2016-11-17 21:18:37'),(10,2,4,1,'2016-11-17 21:18:37','2016-11-17 21:18:37'),(11,2,3,1,'2016-11-17 21:18:37','2016-11-17 21:18:37'),(12,2,11,1,'2016-11-17 21:18:37','2016-11-17 21:18:37'),(13,3,12,2,'2016-11-17 21:18:37','2016-11-17 21:18:37'),(14,3,2,2,'2016-11-17 21:18:37','2016-11-17 21:18:37'),(15,3,10,2,'2016-11-17 21:18:37','2016-11-17 21:18:37'),(16,3,3,2,'2016-11-17 21:18:37','2016-11-17 21:18:37'),(17,3,11,1,'2016-11-17 21:18:37','2016-11-17 21:18:37'),(18,3,8,2,'2016-11-17 21:18:37','2016-11-17 21:18:37'),(19,3,1,2,'2016-11-17 21:18:37','2016-11-17 21:18:37'),(20,4,12,1,'2016-11-17 21:18:37','2016-11-17 21:18:37'),(21,4,8,2,'2016-11-17 21:18:37','2016-11-17 21:18:37'),(22,4,5,2,'2016-11-17 21:18:37','2016-11-17 21:18:37'),(23,4,2,2,'2016-11-17 21:18:37','2016-11-17 21:18:37'),(24,4,11,2,'2016-11-17 21:18:37','2016-11-17 21:18:37'),(25,5,1,2,'2016-11-17 21:18:37','2016-11-17 21:18:37'),(26,5,8,2,'2016-11-17 21:18:37','2016-11-17 21:18:37'),(27,5,11,1,'2016-11-17 21:18:37','2016-11-17 21:18:37'),(28,6,8,2,'2016-11-17 21:18:37','2016-11-17 21:18:37'),(29,6,6,2,'2016-11-17 21:18:37','2016-11-17 21:18:37'),(30,6,7,1,'2016-11-17 21:18:37','2016-11-17 21:18:37'),(31,6,9,1,'2016-11-17 21:18:37','2016-11-17 21:18:37'),(32,6,11,2,'2016-11-17 21:18:37','2016-11-17 21:18:37'),(33,6,6,2,'2016-11-17 21:18:37','2016-11-17 21:18:37'),(34,6,8,2,'2016-11-17 21:18:37','2016-11-17 21:18:37'),(35,7,1,2,'2016-11-17 21:18:37','2016-11-17 21:18:37'),(36,7,5,2,'2016-11-17 21:18:37','2016-11-17 21:18:37'),(37,7,5,2,'2016-11-17 21:18:37','2016-11-17 21:18:37'),(38,7,6,1,'2016-11-17 21:18:37','2016-11-17 21:18:37'),(39,7,6,1,'2016-11-17 21:18:37','2016-11-17 21:18:37'),(40,7,5,1,'2016-11-17 21:18:37','2016-11-17 21:18:37'),(41,8,5,1,'2016-11-17 21:18:37','2016-11-17 21:18:38'),(42,8,6,1,'2016-11-17 21:18:37','2016-11-17 21:18:38'),(43,8,7,1,'2016-11-17 21:18:38','2016-11-17 21:18:38'),(44,8,12,1,'2016-11-17 21:18:38','2016-11-17 21:18:38'),(45,8,12,1,'2016-11-17 21:18:38','2016-11-17 21:18:38'),(46,8,10,1,'2016-11-17 21:18:38','2016-11-17 21:18:38'),(47,9,2,2,'2016-11-17 21:18:38','2016-11-17 21:18:38'),(48,9,8,2,'2016-11-17 21:18:38','2016-11-17 21:18:38'),(49,9,3,2,'2016-11-17 21:18:38','2016-11-17 21:18:38'),(50,10,7,1,'2016-11-17 21:18:38','2016-11-17 21:18:38'),(51,10,5,2,'2016-11-17 21:18:38','2016-11-17 21:18:38'),(52,10,6,2,'2016-11-17 21:18:38','2016-11-17 21:18:38'),(53,10,9,1,'2016-11-17 21:18:38','2016-11-17 21:18:38'),(54,10,3,1,'2016-11-17 21:18:38','2016-11-17 21:18:38'),(55,10,6,2,'2016-11-17 21:18:38','2016-11-17 21:18:38'),(56,10,11,2,'2016-11-17 21:18:38','2016-11-17 21:18:38'),(57,11,11,1,'2016-11-17 21:18:38','2016-11-17 21:18:38'),(58,11,2,2,'2016-11-17 21:18:38','2016-11-17 21:18:38'),(59,11,5,1,'2016-11-17 21:18:38','2016-11-17 21:18:38'),(60,11,4,2,'2016-11-17 21:18:38','2016-11-17 21:18:38'),(61,11,5,1,'2016-11-17 21:18:38','2016-11-17 21:18:38'),(62,12,12,1,'2016-11-17 21:18:38','2016-11-17 21:18:38'),(63,12,2,1,'2016-11-17 21:18:38','2016-11-17 21:18:38'),(64,12,8,1,'2016-11-17 21:18:38','2016-11-17 21:18:38'),(65,12,12,2,'2016-11-17 21:18:38','2016-11-17 21:18:38'),(66,13,12,1,'2016-11-17 21:18:38','2016-11-17 21:18:38'),(67,13,3,2,'2016-11-17 21:18:38','2016-11-17 21:18:38'),(68,13,5,2,'2016-11-17 21:18:38','2016-11-17 21:18:38'),(69,13,5,2,'2016-11-17 21:18:38','2016-11-17 21:18:38'),(70,13,1,1,'2016-11-17 21:18:38','2016-11-17 21:18:38'),(71,14,4,1,'2016-11-17 21:18:38','2016-11-17 21:18:38'),(72,14,2,1,'2016-11-17 21:18:38','2016-11-17 21:18:38'),(73,14,8,1,'2016-11-17 21:18:38','2016-11-17 21:18:38'),(74,15,12,2,'2016-11-17 21:18:38','2016-11-17 21:18:38'),(75,15,2,2,'2016-11-17 21:18:38','2016-11-17 21:18:38'),(76,15,9,2,'2016-11-17 21:18:38','2016-11-17 21:18:38'),(77,15,11,2,'2016-11-17 21:18:38','2016-11-17 21:18:38'),(78,16,11,1,'2016-11-17 21:18:38','2016-11-17 21:18:38'),(79,16,8,1,'2016-11-17 21:18:38','2016-11-17 21:18:38'),(80,16,12,2,'2016-11-17 21:18:38','2016-11-17 21:18:38'),(81,16,2,1,'2016-11-17 21:18:38','2016-11-17 21:18:38'),(82,16,6,2,'2016-11-17 21:18:38','2016-11-17 21:18:38'),(83,16,1,2,'2016-11-17 21:18:38','2016-11-17 21:18:38'),(84,16,6,2,'2016-11-17 21:18:38','2016-11-17 21:18:38'),(85,17,11,1,'2016-11-17 21:18:38','2016-11-17 21:18:38'),(86,17,11,2,'2016-11-17 21:18:38','2016-11-17 21:18:38'),(87,17,4,2,'2016-11-17 21:18:38','2016-11-17 21:18:38'),(88,17,1,2,'2016-11-17 21:18:38','2016-11-17 21:18:38'),(89,18,4,2,'2016-11-17 21:18:38','2016-11-17 21:18:38'),(90,18,2,1,'2016-11-17 21:18:38','2016-11-17 21:18:38'),(91,18,8,2,'2016-11-17 21:18:38','2016-11-17 21:18:38'),(92,18,3,2,'2016-11-17 21:18:38','2016-11-17 21:18:38'),(93,18,5,2,'2016-11-17 21:18:38','2016-11-17 21:18:38'),(94,19,12,2,'2016-11-17 21:18:38','2016-11-17 21:18:38'),(95,19,5,1,'2016-11-17 21:18:38','2016-11-17 21:18:38'),(96,19,9,2,'2016-11-17 21:18:38','2016-11-17 21:18:38'),(97,19,4,1,'2016-11-17 21:18:38','2016-11-17 21:18:38'),(98,19,5,1,'2016-11-17 21:18:38','2016-11-17 21:18:38'),(99,19,10,1,'2016-11-17 21:18:38','2016-11-17 21:18:38'),(100,20,7,1,'2016-11-17 21:18:38','2016-11-17 21:18:38'),(101,20,6,1,'2016-11-17 21:18:38','2016-11-17 21:18:38'),(102,20,6,2,'2016-11-17 21:18:38','2016-11-17 21:18:38'),(103,20,10,2,'2016-11-17 21:18:38','2016-11-17 21:18:38'),(104,20,1,2,'2016-11-17 21:18:38','2016-11-17 21:18:38'),(105,20,7,1,'2016-11-17 21:18:38','2016-11-17 21:18:38'),(106,20,1,2,'2016-11-17 21:18:38','2016-11-17 21:18:38'),(107,1,1,2,'2016-11-30 17:34:58','2016-11-30 17:34:58'),(108,1,19,2,'2016-11-30 17:35:03','2016-11-30 17:35:03'),(109,21,19,2,'2016-11-30 17:50:17','2016-11-30 17:50:17'),(110,21,1,2,'2016-11-30 17:50:33','2016-11-30 17:50:33');

/*Table structure for table `migrations` */

DROP TABLE IF EXISTS `migrations`;

CREATE TABLE `migrations` (
  `migration` varchar(255) COLLATE utf8_unicode_ci NOT NULL,
  `batch` int(11) NOT NULL
) ENGINE=MyISAM DEFAULT CHARSET=utf8 COLLATE=utf8_unicode_ci;

/*Data for the table `migrations` */

insert  into `migrations`(`migration`,`batch`) values ('2014_10_12_000000_create_users_table',1),('2014_10_12_100000_create_password_resets_table',1),('2016_10_10_130952_create_sucursales_table',1),('2016_10_10_170730_create_proyectos_table',1),('2016_10_10_170815_create_preguntas_table',1),('2016_10_13_153135_create_equipos_table',1),('2016_10_13_153141_create_miembros_table',1),('2016_10_13_155332_create_cargos_table',1),('2016_10_13_210534_create_respuestas_table',1),('2016_10_13_210544_create_adjuntos_table',1),('2016_10_25_133402_create_apuntes_table',1),('2016_11_14_173727_create_tipos_sucursal_table',1),('2016_11_14_203820_crear_tabla_chats',1);

/*Table structure for table `password_resets` */

DROP TABLE IF EXISTS `password_resets`;

CREATE TABLE `password_resets` (
  `email` varchar(255) COLLATE utf8_unicode_ci NOT NULL,
  `token` varchar(255) COLLATE utf8_unicode_ci NOT NULL,
  `created_at` timestamp NOT NULL DEFAULT CURRENT_TIMESTAMP ON UPDATE CURRENT_TIMESTAMP,
  KEY `password_resets_email_index` (`email`),
  KEY `password_resets_token_index` (`token`)
) ENGINE=MyISAM DEFAULT CHARSET=utf8 COLLATE=utf8_unicode_ci;

/*Data for the table `password_resets` */

/*Table structure for table `preguntas` */

DROP TABLE IF EXISTS `preguntas`;

CREATE TABLE `preguntas` (
  `id` int(10) unsigned NOT NULL AUTO_INCREMENT,
  `id_proyecto` int(10) unsigned NOT NULL,
  `numero` int(10) unsigned NOT NULL DEFAULT '1',
  `titulo` varchar(255) COLLATE utf8_unicode_ci NOT NULL,
  `descripcion` varchar(255) COLLATE utf8_unicode_ci NOT NULL,
  `estado` varchar(255) COLLATE utf8_unicode_ci NOT NULL,
  `created_at` timestamp NULL DEFAULT NULL,
  `updated_at` timestamp NULL DEFAULT NULL,
  PRIMARY KEY (`id`)
) ENGINE=MyISAM AUTO_INCREMENT=33 DEFAULT CHARSET=utf8 COLLATE=utf8_unicode_ci;

/*Data for the table `preguntas` */

insert  into `preguntas`(`id`,`id_proyecto`,`numero`,`titulo`,`descripcion`,`estado`,`created_at`,`updated_at`) values (1,1,1,'Beatae ad distinctio praesentium sed quaerat similique dolorem.','Nobis error voluptatem ipsam. Sunt commodi vel corrupti. Quis perspiciatis quidem nihil.','IN','2016-11-17 21:18:37','2016-11-17 21:18:37'),(2,1,2,'Doloremque porro sunt alias maiores.','Rerum perspiciatis aut perferendis enim possimus quidem molestias dolores. Sed necessitatibus id sapiente eos et. Illo temporibus id laborum at omnis.','IN','2016-11-17 21:18:37','2016-11-17 21:18:37'),(3,1,3,'Libero qui qui sint deserunt.','Rerum eius enim laborum quos asperiores autem. Ut et placeat atque harum dolorem. Harum aut odio aperiam esse quis.','IN','2016-11-17 21:18:37','2016-11-17 21:18:37'),(4,1,4,'Nihil et suscipit saepe pariatur.','Cupiditate consequuntur voluptate sed magni. Et necessitatibus voluptatum voluptatem iste illum assumenda est. At sequi accusantium quia dolorum optio quos id eos.','IN','2016-11-17 21:18:37','2016-11-17 21:18:37'),(5,1,5,'Quia sint rerum aliquam id pariatur repudiandae id.','At est quia consequatur. Incidunt magnam est dignissimos molestiae molestias repellendus ducimus nihil. Blanditiis cum numquam aut dolorem occaecati quo. Reprehenderit a est unde sunt laudantium.','IN','2016-11-17 21:18:37','2016-11-17 21:18:37'),(6,1,6,'Et incidunt illum eum temporibus libero.','Est laborum nihil quam et eum et. Saepe veritatis sunt recusandae incidunt itaque impedit. Voluptas et odit sit earum placeat eveniet non aut.','IN','2016-11-17 21:18:37','2016-11-17 21:18:37'),(7,1,7,'Fugiat eaque quaerat aperiam dignissimos facere.','Voluptatum corrupti deserunt quas tempora tempore placeat. Sit laudantium tempora veritatis et aperiam nihil. Nostrum ut occaecati incidunt sit. Consequuntur aperiam est quia cum dolorem quia.','AC','2016-11-17 21:18:37','2016-11-17 21:18:37'),(8,2,1,'A quia voluptates asperiores sequi.','Hic doloremque possimus qui dolores distinctio et. Consequuntur placeat cupiditate repellat rerum. Vero nemo eaque esse dignissimos minima est nostrum.','AC','2016-11-17 21:18:37','2016-11-17 21:18:37'),(9,2,2,'Voluptatem commodi et reprehenderit vel nihil.','Veritatis fuga et commodi non ut reprehenderit maiores et. Placeat et repudiandae animi molestiae nihil nam. Enim hic labore veritatis numquam asperiores.','AC','2016-11-17 21:18:37','2016-11-17 21:18:37'),(10,2,3,'Ipsam officiis dolore eaque voluptatem et vel nam earum.','Assumenda accusamus perferendis nesciunt rerum numquam et. Cumque ad dignissimos omnis repudiandae. Tenetur assumenda deserunt reiciendis rem atque ut. Consequatur sit ea facere qui tempora nulla.','IN','2016-11-17 21:18:37','2016-11-17 21:18:37'),(11,2,4,'Sed et iure delectus maiores.','Doloribus autem quidem ea sint illo officia ut. Id perspiciatis ut accusamus soluta. Cupiditate placeat sapiente provident aspernatur fugiat.','IN','2016-11-17 21:18:37','2016-11-17 21:18:37'),(12,2,5,'Iste quis repudiandae animi est nesciunt.','Culpa repellat molestias autem velit dolor tenetur. Aut ut vero consequatur eius. Non quo occaecati excepturi laboriosam similique accusantium officiis. Ut amet alias impedit porro.','AC','2016-11-17 21:18:37','2016-11-17 21:18:37'),(13,2,6,'Sunt ex quis totam.','Similique omnis iure cupiditate sit et sit aut quos. Deleniti nihil totam quaerat. Sed laborum aut quia quis aliquam id.','IN','2016-11-17 21:18:37','2016-11-17 21:18:37'),(14,2,7,'Natus odit saepe sed.','Itaque voluptatem et dolorem blanditiis. Assumenda et aliquam nisi tempora dolorem. Corporis quibusdam molestiae dicta officia qui quos ratione eius.','AC','2016-11-17 21:18:37','2016-11-17 21:18:37'),(15,2,8,'Voluptas nemo voluptas minima culpa.','Facere rem in sed odit aut laborum. Culpa beatae odit nostrum ut minima quis. Dolorem et deserunt et voluptatibus tempora quibusdam sit quos. Expedita distinctio quidem eos accusantium.','IN','2016-11-17 21:18:37','2016-11-17 21:18:37'),(16,3,1,'Praesentium reprehenderit quia harum odit dolor et eius.','Deleniti ut et et sint sit. Quae eligendi labore veniam qui. Ratione qui labore facere doloribus quos.','IN','2016-11-17 21:18:37','2016-11-17 21:18:37'),(17,3,2,'Nostrum aliquid iure excepturi ipsa laboriosam architecto.','Saepe in et illo tempora. Odit eum amet voluptas ipsa et quia. Incidunt in nesciunt consequatur consequatur soluta.','IN','2016-11-17 21:18:37','2016-11-17 21:18:37'),(18,3,3,'Veniam minima dolores iusto.','Ratione iure non natus maxime. Reiciendis dolorem quo corporis recusandae nihil. Rerum non blanditiis esse deserunt odit ab cum.','IN','2016-11-17 21:18:37','2016-11-17 21:18:37'),(19,3,4,'Voluptatibus blanditiis sed qui error nemo.','Nostrum quo ut blanditiis aut. Qui earum perspiciatis alias laborum odit nisi. Odio ratione voluptas sunt fugit tempora molestiae ut.','AC','2016-11-17 21:18:37','2016-11-17 21:18:37'),(20,4,1,'Eligendi et illum impedit dolore tenetur cumque.','Sequi excepturi recusandae iure mollitia fugit possimus. Ad quidem atque esse minus.','AC','2016-11-17 21:18:37','2016-11-17 21:18:37'),(21,4,2,'Quod non veritatis minima occaecati quidem et similique.','Sit sed modi est beatae provident. Id veniam doloremque sed laudantium. Accusantium omnis corrupti nemo suscipit impedit.','IN','2016-11-17 21:18:37','2016-11-17 21:18:37'),(22,4,3,'Soluta facilis similique quia molestiae est consectetur praesentium.','Debitis praesentium omnis ut sint cumque. Eos vel in cumque ab aut repudiandae. Enim commodi quo voluptas magni aut quia non molestiae. Molestias quo quisquam laboriosam placeat ut voluptas culpa.','IN','2016-11-17 21:18:37','2016-11-17 21:18:37'),(23,4,4,'Suscipit eum unde inventore incidunt repellendus autem.','Tempore nulla et porro. Unde quidem ad in non ex est magni.\nCupiditate laboriosam id maiores consequuntur alias. Dolores id eos aut et. Ab quam non autem.','AC','2016-11-17 21:18:37','2016-11-17 21:18:37'),(24,4,5,'Eum porro voluptas fugiat maiores.','Eum repellendus consequatur molestiae amet. Saepe deleniti voluptate deserunt error doloremque. Ut impedit nostrum ut totam blanditiis quasi. Perferendis mollitia nam eos reprehenderit cupiditate.','AC','2016-11-17 21:18:37','2016-11-17 21:18:37'),(25,4,6,'Amet illum ipsa id libero nihil quis ea.','Quos quam doloribus corporis eligendi in. Labore asperiores aut est natus rerum corporis. Fugit aliquam corrupti odit impedit error necessitatibus. Deserunt est animi aliquam labore totam quia.','IN','2016-11-17 21:18:37','2016-11-17 21:18:37'),(26,4,7,'Error unde tempora dolorem officiis recusandae aut delectus harum.','Quia amet quam voluptatum veritatis saepe at placeat. Perferendis molestiae magnam assumenda deleniti. Neque dolore hic ea sed.','IN','2016-11-17 21:18:37','2016-11-17 21:18:37'),(27,4,8,'Est vel est quidem incidunt.','Earum non vel dolor fuga. Adipisci non sit excepturi tenetur quisquam sequi. Quia explicabo ut assumenda praesentium optio. Vel ex non consequatur repellat molestiae qui quam et.','AC','2016-11-17 21:18:37','2016-11-17 21:18:37'),(28,5,1,'Omnis ea impedit nulla consequatur voluptatum.','Accusamus rerum eum impedit explicabo possimus qui. Ut et nesciunt tenetur similique. Minima eveniet non aut omnis. Voluptas inventore voluptatem ut magnam eius. Commodi quia qui est animi.','AC','2016-11-17 21:18:37','2016-11-17 21:18:37'),(29,5,2,'Occaecati odit voluptas sequi aut.','Accusantium et consequatur a accusantium. Quis eos minima delectus dolor sit harum quia. Veritatis quae voluptatem et dicta aut natus consequatur ut. Eius minima quibusdam suscipit odio.','IN','2016-11-17 21:18:37','2016-11-17 21:18:37'),(30,5,3,'Rerum amet nihil aut enim est ut.','Quia eos aut laborum debitis et qui. Et non eos aut necessitatibus aspernatur repudiandae quis. Ducimus quo ipsum ut quasi officiis distinctio. Rerum nihil non qui voluptas similique.','AC','2016-11-17 21:18:37','2016-11-17 21:18:37'),(31,6,1,'aaa','aaaaaaaaaa','','2016-11-30 17:49:48','2016-11-30 17:49:48'),(32,6,2,'bbbb','bbbbbbbb','','2016-11-30 17:49:58','2016-11-30 17:49:58');

/*Table structure for table `proyectos` */

DROP TABLE IF EXISTS `proyectos`;

CREATE TABLE `proyectos` (
  `id` int(10) unsigned NOT NULL AUTO_INCREMENT,
  `codigo` varchar(255) COLLATE utf8_unicode_ci NOT NULL,
  `titulo` varchar(255) COLLATE utf8_unicode_ci NOT NULL,
  `fecha_inicio` date NOT NULL,
  `fecha_termino` date NOT NULL,
  `descripcion` text COLLATE utf8_unicode_ci NOT NULL,
  `estado` varchar(255) COLLATE utf8_unicode_ci NOT NULL,
  `created_at` timestamp NULL DEFAULT NULL,
  `updated_at` timestamp NULL DEFAULT NULL,
  PRIMARY KEY (`id`)
) ENGINE=MyISAM AUTO_INCREMENT=7 DEFAULT CHARSET=utf8 COLLATE=utf8_unicode_ci;

/*Data for the table `proyectos` */

insert  into `proyectos`(`id`,`codigo`,`titulo`,`fecha_inicio`,`fecha_termino`,`descripcion`,`estado`,`created_at`,`updated_at`) values (1,'nG1XMfB62m','Jayde','1979-04-12','1995-09-12','Cupiditate adipisci deserunt harum ea voluptas. Mollitia est dolore soluta enim et quia voluptatibus. Non quo ad iusto beatae ab ea molestiae.','AC','2016-11-17 21:18:37','2016-11-17 21:18:37'),(2,'APS09K4spd','Niko','1982-09-24','1998-03-11','Laudantium minus velit praesentium. Ullam facilis soluta ab quibusdam in omnis nam. Perferendis qui earum in vel ut vero et et. Dolorem est excepturi aut mollitia.','IN','2016-11-17 21:18:37','2016-11-17 21:18:37'),(3,'PGAsUORTSp','Karelle','1987-04-02','1971-12-10','Dolor commodi facere accusamus consequuntur. Ipsum voluptatem voluptatem qui veniam aut illo cupiditate. Deleniti et unde nihil sit quasi voluptatem neque. Veritatis sed dicta qui eligendi dolores.','AC','2016-11-17 21:18:37','2016-11-17 21:18:37'),(4,'vqPzKK8upy','Isabel','1974-06-16','1993-03-04','Ut assumenda molestiae eos rerum quo nulla dolorum. Quos dolorem porro laboriosam qui. Est ab veniam perspiciatis dolorum laboriosam. Quos quasi numquam qui itaque tenetur itaque in.','IN','2016-11-17 21:18:37','2016-11-17 21:18:37'),(5,'AMx8BpCitS','Dudley','1986-05-03','1987-07-08','Accusantium aspernatur et quia libero. Iste deserunt consequatur error nihil tenetur. Qui tempora ullam qui quo consequuntur exercitationem sed.','AC','2016-11-17 21:18:37','2016-11-17 21:18:37'),(6,'test','test','2016-11-29','2016-12-10','adsd','AC','2016-11-30 17:49:38','2016-12-09 22:00:19');

/*Table structure for table `respuestas` */

DROP TABLE IF EXISTS `respuestas`;

CREATE TABLE `respuestas` (
  `id` int(10) unsigned NOT NULL AUTO_INCREMENT,
  `id_miembro` int(11) NOT NULL,
  `id_pregunta` int(11) NOT NULL,
  `comentario` varchar(255) COLLATE utf8_unicode_ci NOT NULL,
  `created_at` timestamp NULL DEFAULT NULL,
  `updated_at` timestamp NULL DEFAULT NULL,
  PRIMARY KEY (`id`)
) ENGINE=MyISAM AUTO_INCREMENT=316 DEFAULT CHARSET=utf8 COLLATE=utf8_unicode_ci;

/*Data for the table `respuestas` */

insert  into `respuestas`(`id`,`id_miembro`,`id_pregunta`,`comentario`,`created_at`,`updated_at`) values (1,1,1,'Odio consequatur voluptates accusantium amet eos dignissimos officiis. Error optio vitae et nihil sit minima eum voluptatum. Vitae accusantium quidem ullam quas qui vel sint.','2016-11-17 21:18:38','2016-11-17 21:18:38'),(2,5,1,'Hic quis saepe illo assumenda fuga distinctio. Fugit et porro adipisci dolores accusamus ut. Facilis molestias explicabo rem quaerat cupiditate.','2016-11-17 21:18:38','2016-11-17 21:18:38'),(3,1,2,'Tenetur quis veniam delectus repellat iusto consectetur sed cupiditate. Voluptas non ut consequatur quia exercitationem iure atque incidunt. At aperiam adipisci sunt nihil at dolore.','2016-11-17 21:18:38','2016-11-17 21:18:38'),(4,4,2,'Adipisci eum officiis voluptas autem. Doloribus vitae ut ipsam accusamus dolorum quam quam. Sequi illum nulla non maiores. Eaque corporis dolore quia omnis reprehenderit iste accusamus.','2016-11-17 21:18:38','2016-11-17 21:18:38'),(5,6,2,'Sint voluptatem error qui fugit. Placeat impedit facere mollitia reprehenderit aspernatur et sint. Facilis quaerat id modi eos. Esse unde alias autem labore magnam ipsam.','2016-11-17 21:18:38','2016-11-17 21:18:38'),(6,7,2,'Architecto laboriosam aut dicta officiis sit voluptas. Nisi sed ad consequatur deleniti sequi. Aut enim nam qui a nesciunt consequuntur.','2016-11-17 21:18:38','2016-11-17 21:18:38'),(7,8,2,'Nobis id nihil ipsa sint. Praesentium voluptatem cupiditate excepturi. Maxime libero exercitationem labore aut et nihil voluptates. Sapiente non molestiae perspiciatis numquam voluptatibus mollitia.','2016-11-17 21:18:38','2016-11-17 21:18:38'),(8,4,3,'Repellendus cum nulla magni nulla. Praesentium in est placeat est perferendis perspiciatis qui. Ut illo aspernatur incidunt quo ipsum consectetur excepturi fuga.','2016-11-17 21:18:38','2016-11-17 21:18:38'),(9,5,3,'Illo consequatur deleniti amet nobis rerum incidunt quibusdam. Ratione suscipit beatae nihil eum esse in. Minima unde iusto quia maxime.','2016-11-17 21:18:38','2016-11-17 21:18:38'),(10,6,3,'Non ea consequatur quos quisquam repellendus. Accusantium rerum nesciunt perspiciatis eaque aut. Doloribus est perspiciatis ratione dolorum quia quia. Est cumque quaerat aut ipsam.','2016-11-17 21:18:38','2016-11-17 21:18:38'),(11,3,4,'Autem voluptatibus aut et fugiat et sapiente. Explicabo placeat non deleniti itaque et id rerum. Quas ratione aut omnis neque ducimus.','2016-11-17 21:18:38','2016-11-17 21:18:38'),(12,5,4,'Dolorem rem fugit voluptatem vel vel voluptates. Asperiores sunt rerum dolorem dolores nulla non ratione illo. Doloribus expedita error deleniti sint.','2016-11-17 21:18:38','2016-11-17 21:18:38'),(13,6,4,'Ut nihil dolorum non hic voluptas ratione est quisquam. Sequi rerum assumenda libero inventore perferendis. Sunt et consequatur non aut quae ad aspernatur explicabo.','2016-11-17 21:18:38','2016-11-17 21:18:38'),(14,2,5,'Soluta eveniet sequi ducimus velit numquam. Repellat est quod et et. Voluptatibus facilis provident et doloremque eos. Omnis odio dolores sint voluptas et ea.','2016-11-17 21:18:38','2016-11-17 21:18:38'),(15,5,5,'Voluptas eius nemo aut ut sed minima aut. Sunt eaque corporis blanditiis ipsum vel eius.','2016-11-17 21:18:38','2016-11-17 21:18:38'),(16,6,5,'Voluptas accusamus pariatur aut tempore voluptas. Voluptas et ipsam tenetur illo quas aut est. Et sit ab error nemo animi eum est est. Excepturi consectetur sit quae nostrum.','2016-11-17 21:18:38','2016-11-17 21:18:38'),(17,1,6,'Ut officiis dolorem sint quos omnis. Consequatur sapiente consequatur sint qui et doloribus.','2016-11-17 21:18:38','2016-11-17 21:18:38'),(18,4,6,'Atque mollitia aut repudiandae voluptatem velit est voluptatibus. Sed error sed laboriosam officia dolor velit. Neque quis aliquid in voluptas voluptatem consequatur.','2016-11-17 21:18:38','2016-11-17 21:18:38'),(19,5,6,'Consequuntur harum saepe quia id enim eveniet. Placeat ut iusto quia nihil alias cumque ipsum est.','2016-11-17 21:18:38','2016-11-17 21:18:38'),(20,7,6,'Earum quo sit consequatur commodi eligendi odit necessitatibus. Sapiente ut necessitatibus fugit provident. Quae maxime minima qui ratione cum eum. Rerum consectetur aut impedit delectus.','2016-11-17 21:18:38','2016-11-17 21:18:38'),(21,5,7,'Vero consequatur nesciunt a doloribus est. Mollitia qui ullam sunt dolorem. Veritatis quis tempore animi non eius maxime. Nesciunt quae animi placeat.','2016-11-17 21:18:38','2016-11-17 21:18:38'),(22,7,7,'Qui dolor aperiam cum quae exercitationem nihil nihil. Et illum sit cupiditate dolores hic dolores amet. Reiciendis rem laudantium et pariatur id repellendus.','2016-11-17 21:18:38','2016-11-17 21:18:38'),(23,11,8,'Incidunt temporibus alias eligendi magni consequatur quia. Laborum aut ut consectetur culpa molestiae iusto.','2016-11-17 21:18:38','2016-11-17 21:18:38'),(24,10,9,'Sit sed enim quasi repudiandae. Vitae incidunt eveniet quod. Autem quisquam officia minus voluptas. Perferendis esse consequatur consequatur fugit aperiam optio dolorem.','2016-11-17 21:18:38','2016-11-17 21:18:38'),(25,12,9,'Velit voluptatem doloribus delectus omnis temporibus maxime praesentium explicabo. Consequuntur impedit unde voluptate velit qui ea fugit consequuntur. Esse veritatis in non aut ut eos.','2016-11-17 21:18:38','2016-11-17 21:18:38'),(26,11,10,'Ipsa animi quo ad. Accusamus voluptas suscipit culpa consequatur qui voluptatum atque. Et quod ab doloremque esse quasi rerum. Dolorem veniam magnam officiis libero enim.','2016-11-17 21:18:38','2016-11-17 21:18:38'),(27,11,11,'Autem modi et laudantium dicta totam quidem minima. Fugiat voluptatibus aut consequatur non nam odio magnam. Et ut consequuntur hic aut ut quasi nostrum.','2016-11-17 21:18:38','2016-11-17 21:18:38'),(28,10,12,'Maxime animi illum sit sit. Ea id repellendus non consequatur est voluptas fugiat tenetur. Est accusamus ab qui. Occaecati nihil natus et facilis explicabo est harum.','2016-11-17 21:18:38','2016-11-17 21:18:38'),(29,11,12,'Architecto dolores voluptatem est. Vero sapiente possimus et est aut. Corporis esse modi molestiae nostrum distinctio.','2016-11-17 21:18:38','2016-11-17 21:18:38'),(30,9,13,'Quis qui ipsa dicta temporibus cumque id. Quae corporis rerum omnis sunt omnis qui. Aut voluptatem ut impedit necessitatibus quas aliquam. Qui ut iure et modi et est tenetur recusandae.','2016-11-17 21:18:38','2016-11-17 21:18:38'),(31,10,13,'Occaecati autem consequuntur qui itaque et inventore. Quis voluptas ad non est.','2016-11-17 21:18:38','2016-11-17 21:18:38'),(32,9,14,'Ipsa consectetur odio hic tempora. Modi autem vel a et. Ut et neque ut animi. Sint saepe vel qui distinctio quod at mollitia.','2016-11-17 21:18:38','2016-11-17 21:18:38'),(33,12,14,'Perferendis vel maiores facilis perspiciatis ut et. Ducimus qui et laboriosam magni ratione veritatis tempore vero. Maiores commodi nemo est aperiam ratione.','2016-11-17 21:18:38','2016-11-17 21:18:38'),(34,10,15,'Consequatur quis eligendi dicta vero et est. Autem quidem rerum in. Nulla recusandae quia rerum officia nesciunt. Iure non veniam rerum et culpa aut totam.','2016-11-17 21:18:38','2016-11-17 21:18:38'),(35,11,15,'Ut consequuntur similique est cum nobis exercitationem. Sed dolorem quis ut omnis fuga numquam.','2016-11-17 21:18:38','2016-11-17 21:18:38'),(36,12,15,'Reprehenderit ea aut id magnam ut dolores. In aliquam est explicabo ut. Voluptas fugit ipsum qui consequuntur deserunt.','2016-11-17 21:18:38','2016-11-17 21:18:38'),(37,16,16,'Qui officiis sint porro hic odit pariatur. Incidunt qui numquam sit aut dolores voluptate. Neque enim facere in inventore fugit nihil iusto. Aspernatur quia quis qui earum consequuntur sequi et.','2016-11-17 21:18:38','2016-11-17 21:18:38'),(38,13,17,'Sint optio eaque voluptas vero sit sed beatae. Ut nam explicabo id aperiam. Ut sunt ullam nobis eveniet quo. Ab suscipit dolores et hic odio.','2016-11-17 21:18:38','2016-11-17 21:18:38'),(39,14,17,'Nulla numquam aspernatur iusto autem voluptatem. Ex cumque eveniet ut reprehenderit recusandae. Consequatur optio voluptas explicabo ut et sit exercitationem. Ullam et distinctio itaque repudiandae.','2016-11-17 21:18:38','2016-11-17 21:18:38'),(40,16,17,'Recusandae voluptatem consequatur quia voluptates sint quasi. Facere officiis temporibus sequi omnis quibusdam ullam. Veritatis et officia eos. Ut magni ad et.','2016-11-17 21:18:38','2016-11-17 21:18:38'),(41,17,17,'A optio animi minima. Eveniet possimus assumenda quasi consequatur. Saepe vero blanditiis deleniti explicabo sint voluptate quia. Nesciunt nisi ea voluptatem omnis nemo iure.','2016-11-17 21:18:38','2016-11-17 21:18:38'),(42,16,18,'Qui ut excepturi facere eum quaerat ut. Quasi unde rerum impedit sed. Quasi nihil modi id temporibus est qui.','2016-11-17 21:18:38','2016-11-17 21:18:38'),(43,17,18,'Est magnam voluptas quia fugiat. Totam officia vero aliquid eum velit quia. Saepe qui facere voluptates molestiae velit. Laboriosam aut deleniti modi nemo.','2016-11-17 21:18:38','2016-11-17 21:18:38'),(44,18,18,'Repellendus dolorum autem quod nisi beatae molestiae consequatur. Voluptas quia est sit error minus eius eius. Debitis fugiat tempora aspernatur excepturi corporis quia incidunt dolorem.','2016-11-17 21:18:38','2016-11-17 21:18:38'),(45,19,18,'Aut tempora tempora in accusamus molestiae dolor. Totam nisi necessitatibus odio odio nisi. Odit rem ut voluptatem corporis quidem quasi qui voluptate.','2016-11-17 21:18:38','2016-11-17 21:18:38'),(46,13,19,'Sit ex sed consectetur odio amet et atque. Optio repellat magni eligendi maxime ut voluptatibus consectetur. Corporis sit minus qui molestiae ex. Possimus ut sequi et necessitatibus voluptatem.','2016-11-17 21:18:38','2016-11-17 21:18:38'),(47,14,19,'Omnis consequuntur rerum saepe minus. Repellat quae aut laudantium odio.','2016-11-17 21:18:38','2016-11-17 21:18:38'),(48,19,19,'Maxime accusantium libero aspernatur quia. Aperiam voluptas quod voluptatem perspiciatis a nisi laudantium.','2016-11-17 21:18:38','2016-11-17 21:18:38'),(49,20,20,'Consequatur delectus ut aut odit velit. Nesciunt incidunt sunt commodi aut ipsum quia qui amet. Consequatur quis ea explicabo mollitia minus placeat optio. Ex iure autem quibusdam sint enim id.','2016-11-17 21:18:38','2016-11-17 21:18:38'),(50,21,20,'Vero ullam accusantium a molestias. Minima veritatis unde natus dolorum atque qui. Amet ducimus quae aut et quasi rerum.','2016-11-17 21:18:38','2016-11-17 21:18:38'),(51,22,20,'Perspiciatis veniam ab hic harum asperiores rerum a culpa. Non et aliquam ut deleniti.','2016-11-17 21:18:38','2016-11-17 21:18:38'),(52,20,21,'Culpa totam est perferendis pariatur. Distinctio nemo et eum natus rerum fuga tenetur neque. Error dolore minima ipsum asperiores harum sunt. Numquam quae voluptas explicabo ut placeat ea.','2016-11-17 21:18:38','2016-11-17 21:18:38'),(53,23,21,'Et necessitatibus dolore quaerat quam. Omnis voluptatem eaque aut minus dolorum est numquam. Accusamus ad accusantium cumque aspernatur dolores eum molestiae. A expedita eos laudantium impedit ipsa.','2016-11-17 21:18:38','2016-11-17 21:18:38'),(54,21,22,'Distinctio quod perspiciatis esse odit hic. Dolor et aut quidem repudiandae inventore. Quia libero nisi temporibus quia error aut porro natus. Quidem sit nihil voluptas omnis vero aliquam deleniti.','2016-11-17 21:18:38','2016-11-17 21:18:38'),(55,22,22,'Magnam vero voluptatum ut nam omnis qui doloremque. Maiores velit quo delectus quis exercitationem accusamus. Dicta dolorem occaecati labore quia voluptas fugit et qui.','2016-11-17 21:18:38','2016-11-17 21:18:38'),(56,23,22,'Provident vel quo nemo fugit ut deleniti saepe nostrum. Explicabo laboriosam magni voluptatem fugit rem quasi beatae. Possimus autem quae et quae similique. Deserunt atque ipsa aut omnis ad maxime.','2016-11-17 21:18:38','2016-11-17 21:18:38'),(57,24,22,'Doloribus dolorem autem soluta sint omnis ex ea. Quod et nisi non adipisci est inventore. Nostrum consequuntur nihil molestiae incidunt dolor quis. Est dolore illum sunt corrupti cumque voluptatem.','2016-11-17 21:18:38','2016-11-17 21:18:38'),(58,20,23,'Eligendi autem quia qui sequi et ullam optio quia. Aut sunt reprehenderit natus praesentium ut. Aperiam laboriosam voluptatem et debitis minima. Iusto qui tempore quia perferendis recusandae.','2016-11-17 21:18:38','2016-11-17 21:18:38'),(59,22,23,'Et ut dolorem eos rerum fugiat. Repellat delectus nihil voluptas reprehenderit nostrum corporis voluptatem. Maiores dolores voluptas dolores est.','2016-11-17 21:18:38','2016-11-17 21:18:38'),(60,20,24,'Nemo aut aut corporis esse. Soluta saepe officia maiores vitae. Repellendus illum veritatis facere officia quidem possimus consequatur. Non nihil iure eveniet ducimus sed doloribus debitis id.','2016-11-17 21:18:38','2016-11-17 21:18:38'),(61,21,24,'Sint non deserunt ea sed quis blanditiis. Doloribus laudantium dolore deserunt quaerat accusantium ut. Laboriosam quis aut molestiae.','2016-11-17 21:18:38','2016-11-17 21:18:38'),(62,22,24,'Deserunt rem nemo ducimus quisquam consequatur quia asperiores. Voluptas placeat possimus at eligendi omnis. Est ipsa omnis dicta non veniam.','2016-11-17 21:18:38','2016-11-17 21:18:38'),(63,24,24,'Doloremque quae fuga quia ipsum nihil ipsam ipsam. Et eius beatae velit nulla. Aut tenetur numquam ea veritatis ea in ratione mollitia. Quas mollitia culpa nisi.','2016-11-17 21:18:38','2016-11-17 21:18:38'),(64,20,25,'Ut et eligendi quaerat. Maxime voluptates quo eligendi perspiciatis repellat eligendi nam. Asperiores sed hic maxime molestiae adipisci est.','2016-11-17 21:18:38','2016-11-17 21:18:38'),(65,21,25,'Veniam enim quo provident ut omnis iste. Tenetur placeat velit nam dolorem saepe et. Ducimus ea esse illo tempore dignissimos. Molestiae nihil quibusdam reiciendis fugiat.','2016-11-17 21:18:38','2016-11-17 21:18:38'),(66,22,25,'Quod sint accusantium non quia. Possimus illum alias itaque tenetur commodi. Officia consequuntur cupiditate quia. Quas et iure consequuntur consequatur sed maiores voluptas.','2016-11-17 21:18:38','2016-11-17 21:18:38'),(67,23,25,'Animi at soluta odit voluptate non quasi. Ipsa cum perspiciatis sit natus omnis illum. Officia rerum animi sed.','2016-11-17 21:18:38','2016-11-17 21:18:38'),(68,24,25,'Et eos omnis incidunt sit et nulla sed. Iusto omnis doloremque nemo nesciunt in id nihil asperiores. Laborum minus iure eos vel quae.','2016-11-17 21:18:38','2016-11-17 21:18:38'),(69,20,26,'Similique quidem optio explicabo. Deserunt placeat aspernatur sequi molestiae et velit. Est natus vel sit at quo possimus nisi expedita. Laudantium culpa sed recusandae excepturi dolorum ut.','2016-11-17 21:18:38','2016-11-17 21:18:38'),(70,21,26,'Magnam neque inventore soluta. Consequatur tempore est magni dicta. Incidunt inventore et ut laboriosam. Non mollitia qui officia eos est temporibus et.','2016-11-17 21:18:38','2016-11-17 21:18:38'),(71,22,26,'Non error quos ex iusto aut voluptate. Voluptatem facilis aut et totam iste id. Perferendis blanditiis suscipit et modi cum. Aut qui error nisi et.','2016-11-17 21:18:38','2016-11-17 21:18:38'),(72,24,26,'Veniam eaque temporibus et voluptas consequuntur. Vero hic consequuntur magnam aut eius quod. Dolorem voluptatibus provident quo rerum qui. Eaque odit sunt consectetur voluptas voluptate aut.','2016-11-17 21:18:38','2016-11-17 21:18:38'),(73,20,27,'Architecto quis dolorem temporibus non dolorum eaque ipsam qui. Praesentium suscipit ea debitis illo et fugit. Consectetur temporibus et qui dolores dolore nihil est.','2016-11-17 21:18:38','2016-11-17 21:18:38'),(74,21,27,'Similique ut eum voluptate. Culpa voluptatem quibusdam iure laboriosam eligendi consequatur neque nobis. Est quibusdam hic earum. Eveniet ut libero dolor quo.','2016-11-17 21:18:38','2016-11-17 21:18:38'),(75,22,27,'Ut aperiam nobis totam non temporibus veniam maxime. Culpa repudiandae ducimus ut incidunt dolore quia. Veniam incidunt in odit in voluptatem et rerum.','2016-11-17 21:18:38','2016-11-17 21:18:38'),(76,24,27,'Qui inventore ut deleniti in nostrum repellendus quos sit. Ullam nam omnis molestiae dolor quam odio. Quos vel sunt tempore reprehenderit id quidem.','2016-11-17 21:18:38','2016-11-17 21:18:38'),(77,25,30,'Magnam laudantium recusandae nostrum. Dicta quas facilis ut ullam. Consequuntur autem tempore aut corrupti et.','2016-11-17 21:18:38','2016-11-17 21:18:38'),(78,27,30,'Id nemo et nulla aliquam at blanditiis nihil. Libero sit et ex sint at aut. Eos dignissimos ab unde et quod iure veritatis.','2016-11-17 21:18:38','2016-11-17 21:18:38'),(79,30,1,'Ab facere nihil non possimus et voluptate ipsum. Et commodi doloribus id illo. Rem debitis rerum temporibus ex et sapiente. Id quis magnam veniam recusandae unde ut.','2016-11-17 21:18:38','2016-11-17 21:18:38'),(80,31,1,'Modi repellendus placeat voluptatem. Vel amet quaerat eaque ex. Est doloremque dolorum corrupti reiciendis architecto provident fugiat. Sit ut aliquam fuga deserunt.','2016-11-17 21:18:38','2016-11-17 21:18:38'),(81,33,1,'Ut provident beatae enim voluptates illum enim deleniti. Occaecati nulla et cupiditate omnis. Rerum animi dignissimos ut. Vitae voluptate placeat ex.','2016-11-17 21:18:38','2016-11-17 21:18:38'),(82,34,1,'Corrupti et illum tenetur voluptatem dicta qui. Pariatur ea dolorum dolores temporibus dolorem aut ex expedita. Et quas quibusdam omnis dolorum qui dolor.','2016-11-17 21:18:38','2016-11-17 21:18:38'),(83,28,2,'Consequatur fugiat occaecati qui autem voluptates nulla. Labore qui sit velit unde sapiente vel. Est omnis quaerat officiis et nihil.','2016-11-17 21:18:38','2016-11-17 21:18:38'),(84,29,2,'Molestiae corrupti praesentium autem incidunt aliquam pariatur odit qui. Eum qui pariatur nisi delectus autem.','2016-11-17 21:18:38','2016-11-17 21:18:38'),(85,31,2,'Voluptas rerum iusto omnis fugit eveniet nostrum ex tenetur. Molestias quisquam omnis harum quia ut. Ea modi possimus distinctio maiores quo optio doloribus.','2016-11-17 21:18:38','2016-11-17 21:18:38'),(86,30,3,'In ut fuga repellat sed et. Et quia rerum voluptatibus minima. Tempore consectetur architecto laboriosam deleniti.','2016-11-17 21:18:38','2016-11-17 21:18:38'),(87,31,3,'Sequi est qui voluptatum ea eum maxime voluptas. Ut dignissimos cupiditate aut et. Ullam molestiae omnis est amet beatae iure. Sunt et quaerat iste ut praesentium minus.','2016-11-17 21:18:38','2016-11-17 21:18:38'),(88,32,3,'Delectus deserunt ipsa fuga. Est voluptates blanditiis asperiores ut tenetur. Vitae quia est eius ea velit.','2016-11-17 21:18:38','2016-11-17 21:18:38'),(89,33,3,'A dolorum sit beatae nulla. Sequi nemo ipsum beatae. Saepe quaerat sint consequatur unde maiores. Nostrum neque rerum quam beatae.','2016-11-17 21:18:38','2016-11-17 21:18:38'),(90,30,4,'Culpa incidunt vitae temporibus quo illum. Voluptas ea voluptatem dolor eveniet omnis fugiat. Sapiente ab illo eum qui eum.','2016-11-17 21:18:38','2016-11-17 21:18:38'),(91,31,4,'Nemo et tenetur in voluptatem. Enim autem fugiat officiis labore. Eaque corporis ut sequi itaque tempora.','2016-11-17 21:18:38','2016-11-17 21:18:38'),(92,33,4,'Praesentium cupiditate fugit magni. Sit vel sed et vitae et nihil. Error dolorum nesciunt iusto est nesciunt et ut.','2016-11-17 21:18:38','2016-11-17 21:18:38'),(93,34,4,'Quaerat sed magni animi optio soluta id mollitia. Laudantium commodi maxime porro explicabo. Molestias mollitia in reiciendis voluptatem. Vitae totam eius officiis commodi voluptatem rerum qui enim.','2016-11-17 21:18:38','2016-11-17 21:18:38'),(94,32,5,'Nam nulla corrupti doloremque. Expedita esse beatae tempore. Tempora velit nihil voluptas sequi voluptas libero minus.','2016-11-17 21:18:38','2016-11-17 21:18:38'),(95,28,6,'Ea amet corporis porro consequatur non illo reprehenderit. Est vel id nulla ut autem eaque. Qui ullam tenetur perferendis quod a aut iste.','2016-11-17 21:18:38','2016-11-17 21:18:38'),(96,30,6,'Ad aut magni quia asperiores. Maxime possimus non optio reprehenderit sed animi architecto. Reprehenderit ex placeat ut non eveniet consequatur explicabo.','2016-11-17 21:18:38','2016-11-17 21:18:38'),(97,31,6,'Dignissimos tempore mollitia ut neque voluptates et ipsa. Quia placeat minus et sed. Veritatis error eum et repudiandae qui ut ut. Hic aut non numquam veniam. Non eveniet ipsa quod.','2016-11-17 21:18:38','2016-11-17 21:18:38'),(98,32,6,'Ipsum ut reiciendis non sed nulla fugiat. Dolorum voluptates commodi numquam. Quidem accusamus iusto consequuntur.','2016-11-17 21:18:38','2016-11-17 21:18:38'),(99,35,8,'Sit enim sunt aut et. Magni expedita voluptatem blanditiis similique voluptate. Aut accusamus vel consequatur autem sed dicta est dolor.','2016-11-17 21:18:38','2016-11-17 21:18:38'),(100,37,8,'Quod error ad neque. Ducimus veniam optio deleniti est sequi nobis itaque. Repudiandae nesciunt iusto quae velit.','2016-11-17 21:18:38','2016-11-17 21:18:38'),(101,39,8,'Ut aliquid dignissimos ea ad delectus. Nihil occaecati consectetur ut veritatis eligendi aut eum sed. Aspernatur qui consectetur sit officia numquam ullam. Ullam sit odit molestiae numquam.','2016-11-17 21:18:38','2016-11-17 21:18:38'),(102,35,9,'Numquam doloremque aperiam nobis minus. Qui atque culpa nesciunt.','2016-11-17 21:18:38','2016-11-17 21:18:38'),(103,40,9,'Eos atque labore et saepe. In qui ratione voluptatem illo ut. A libero consequatur non excepturi.\nOccaecati sit ex autem sunt optio. Alias assumenda quis aut est placeat. Magnam qui et quod ut dolor.','2016-11-17 21:18:38','2016-11-17 21:18:38'),(104,35,10,'Minima molestias eaque quia repudiandae odit. Et qui quibusdam exercitationem corrupti voluptates aliquam veritatis. Architecto quasi necessitatibus officiis sint debitis ipsum.','2016-11-17 21:18:38','2016-11-17 21:18:38'),(105,36,10,'Et cum omnis at et. Excepturi qui excepturi ab modi minima qui aut ipsam. Velit omnis dignissimos ut voluptas officia ad. Est quibusdam officia veritatis assumenda dolorem eos ducimus.','2016-11-17 21:18:38','2016-11-17 21:18:38'),(106,38,10,'Itaque officia dolores quae sit impedit quis distinctio eos. Aspernatur nemo aut reiciendis voluptatem ratione aut. Corrupti quos omnis suscipit omnis est.','2016-11-17 21:18:38','2016-11-17 21:18:38'),(107,39,10,'Quia esse maiores qui occaecati. Veniam qui quo laudantium totam aut recusandae ut. Doloribus quia tenetur eaque excepturi.','2016-11-17 21:18:38','2016-11-17 21:18:38'),(108,37,11,'Qui ducimus odit sequi. Nemo voluptas nisi nesciunt. Qui qui rem esse voluptatem. Id quis eos vitae et reiciendis.','2016-11-17 21:18:38','2016-11-17 21:18:38'),(109,38,11,'Cum temporibus veniam quo eaque quia eos. Reprehenderit totam beatae itaque enim quaerat et hic officiis. Animi et impedit tempora unde ut corporis ut.','2016-11-17 21:18:39','2016-11-17 21:18:39'),(110,39,11,'Totam accusantium facere dolorum voluptate rerum. Beatae inventore at iusto soluta autem officia corporis. Magni et fuga voluptates.','2016-11-17 21:18:39','2016-11-17 21:18:39'),(111,36,12,'Necessitatibus voluptas tenetur soluta quibusdam. Est molestiae quia modi ut. Et illo in veritatis ratione amet sint. Eos dolorum ut consequatur odio eaque.','2016-11-17 21:18:39','2016-11-17 21:18:39'),(112,37,12,'Et soluta cupiditate quasi iusto quia est. Est consequatur et exercitationem dolorem ea dicta. Provident soluta ratione voluptatem magni.','2016-11-17 21:18:39','2016-11-17 21:18:39'),(113,39,12,'Laborum nemo soluta sequi sed. Qui voluptatem repellendus in quae natus. Dolorum perferendis qui quis rerum voluptatem. Quia non rerum enim asperiores.','2016-11-17 21:18:39','2016-11-17 21:18:39'),(114,35,13,'Qui ab rerum voluptatum ipsam facere. Minus perferendis sint eum quia ducimus et.','2016-11-17 21:18:39','2016-11-17 21:18:39'),(115,36,13,'Vel et atque eius nobis repudiandae. Nobis reiciendis est tempore nam et non. Culpa aut reprehenderit repellat dolorem.','2016-11-17 21:18:39','2016-11-17 21:18:39'),(116,37,13,'Nisi qui id debitis est qui ullam cum. Cupiditate libero eaque molestiae et architecto.','2016-11-17 21:18:39','2016-11-17 21:18:39'),(117,39,13,'Ipsa aperiam veritatis sunt esse. Nostrum molestiae esse soluta perspiciatis. Accusamus quas perferendis numquam error natus non.','2016-11-17 21:18:39','2016-11-17 21:18:39'),(118,35,14,'Ut dignissimos rem ab sint ut. Voluptate molestiae culpa quas. Quo voluptas sunt error harum quis consequatur.','2016-11-17 21:18:39','2016-11-17 21:18:39'),(119,36,14,'Repudiandae nemo voluptatem nulla. Dicta quia animi dolor nihil aut corrupti voluptatum repellendus. Amet quia libero fuga et magnam officia.','2016-11-17 21:18:39','2016-11-17 21:18:39'),(120,39,14,'Maxime perferendis accusamus modi. Dolore quo unde dolores omnis vel. Qui consequatur cumque quasi beatae. Velit reprehenderit autem modi enim facilis non.','2016-11-17 21:18:39','2016-11-17 21:18:39'),(121,40,14,'Sint placeat repellat sunt adipisci. Nesciunt labore deserunt praesentium unde facilis tenetur. Omnis dolor officia odio quaerat voluptatibus.','2016-11-17 21:18:39','2016-11-17 21:18:39'),(122,35,15,'Omnis sint debitis magni. Voluptatem nihil esse pariatur. Optio quis quia quia consequuntur et sunt. Ut ad non harum doloremque repellendus.','2016-11-17 21:18:39','2016-11-17 21:18:39'),(123,36,15,'Quia qui eum ipsa perferendis. Voluptatem recusandae magni qui quae recusandae. Impedit similique accusantium est fuga aut reiciendis. Qui quae sint esse sed numquam.','2016-11-17 21:18:39','2016-11-17 21:18:39'),(124,37,15,'Dolor est dolorem ut ut sit molestias. Odio nostrum animi assumenda ut magnam. Qui provident voluptas quisquam. In et qui recusandae corrupti.','2016-11-17 21:18:39','2016-11-17 21:18:39'),(125,39,15,'Tempora nesciunt at eveniet qui aut vitae voluptatem. Vel ducimus eum culpa dignissimos. Dignissimos qui ut excepturi vel vero. Accusantium eum velit illo quia soluta.','2016-11-17 21:18:39','2016-11-17 21:18:39'),(126,42,16,'Unde aut earum omnis officia. Id perferendis ut laudantium vel corrupti. Molestias quisquam enim reprehenderit excepturi.','2016-11-17 21:18:39','2016-11-17 21:18:39'),(127,43,16,'Et aperiam optio impedit ut. Veniam reprehenderit sit nihil et. Sunt et illum est doloribus. Accusamus eum dignissimos dolore doloremque. Voluptates et nihil omnis laudantium cupiditate sit.','2016-11-17 21:18:39','2016-11-17 21:18:39'),(128,41,17,'Quod omnis sit consequatur et deserunt consectetur accusantium vel. Minus sit nobis quis omnis ut. Maxime tempora excepturi nobis qui rerum. Quos expedita facilis asperiores est.','2016-11-17 21:18:39','2016-11-17 21:18:39'),(129,42,17,'Suscipit totam voluptas non libero ex. Quidem et officiis reprehenderit. Aut est nesciunt voluptas molestiae porro. Unde expedita ut sed in voluptates est eum. Aut non rerum deleniti.','2016-11-17 21:18:39','2016-11-17 21:18:39'),(130,42,18,'Molestiae sed et voluptate earum. Eius a nostrum quaerat cupiditate velit ipsam. Quod totam nulla aliquam aut aut sit. Eos est dolor doloribus odit voluptas illum.','2016-11-17 21:18:39','2016-11-17 21:18:39'),(131,43,18,'Distinctio omnis tempora modi et dolorem reprehenderit. Iste eum nisi sed possimus in laboriosam. Expedita dolor inventore ipsa voluptates.','2016-11-17 21:18:39','2016-11-17 21:18:39'),(132,44,18,'Sed unde veritatis et voluptatem harum assumenda. Saepe aut rerum ad dignissimos. Et ut natus et corporis. Nostrum repudiandae alias soluta.','2016-11-17 21:18:39','2016-11-17 21:18:39'),(133,46,18,'Quod quia error voluptas nostrum. Est est totam ad ipsum aut et. Voluptates ipsum molestias est porro.','2016-11-17 21:18:39','2016-11-17 21:18:39'),(134,44,19,'Culpa omnis vel ipsa sapiente voluptas. Ipsam non accusamus enim. Molestias quisquam aliquam amet non sunt possimus dolorum.','2016-11-17 21:18:39','2016-11-17 21:18:39'),(135,47,20,'Doloremque dignissimos aspernatur eveniet libero illum et. Officiis et maxime voluptatibus est eum nemo. Cum nobis sit rerum a excepturi eos. Odit et rerum ea dolorem error.','2016-11-17 21:18:39','2016-11-17 21:18:39'),(136,49,20,'Exercitationem dolore eius sequi nesciunt ducimus nihil ab. Earum illo autem soluta corrupti. Voluptas doloribus amet et soluta veniam molestiae.','2016-11-17 21:18:39','2016-11-17 21:18:39'),(137,49,21,'Sit voluptas fugiat molestiae ut voluptatem aut hic. Ullam consequuntur error repellat hic dolor voluptas saepe ea. Accusantium quibusdam omnis ut ex recusandae.','2016-11-17 21:18:39','2016-11-17 21:18:39'),(138,47,22,'Blanditiis voluptate unde ut quisquam quia asperiores. Cupiditate nobis quia soluta est dolorum. Et natus velit iste eligendi id praesentium.','2016-11-17 21:18:39','2016-11-17 21:18:39'),(139,47,23,'Dicta aut natus et id ex repellendus aspernatur et. Occaecati ullam qui natus rerum voluptas est suscipit. Et nostrum est esse consequuntur.','2016-11-17 21:18:39','2016-11-17 21:18:39'),(140,48,23,'Aliquam laudantium laborum magnam. Ipsum doloremque rem accusamus magni atque est omnis inventore. Saepe sint mollitia quo qui veniam cumque laboriosam.','2016-11-17 21:18:39','2016-11-17 21:18:39'),(141,49,23,'Architecto eligendi voluptates perferendis et. Id magnam corrupti eos sunt adipisci cumque. Cumque nihil libero numquam aliquam. Corrupti accusantium voluptatem aut distinctio dolorem quasi deserunt.','2016-11-17 21:18:39','2016-11-17 21:18:39'),(142,48,26,'Placeat officia autem ut aut neque dolor. Commodi assumenda quisquam distinctio necessitatibus mollitia rerum officia. Enim sit necessitatibus tempore rerum.','2016-11-17 21:18:39','2016-11-17 21:18:39'),(143,49,26,'Iste cum corporis voluptatibus natus. Dignissimos sed vero molestiae ab temporibus quod ex. Quo officia qui totam exercitationem adipisci maiores.','2016-11-17 21:18:39','2016-11-17 21:18:39'),(144,48,27,'Quo et quidem aut tempore. Velit aut nesciunt nemo sequi omnis eos impedit. Quos facilis aut sunt omnis molestias id doloremque ut.','2016-11-17 21:18:39','2016-11-17 21:18:39'),(145,54,28,'Asperiores illum qui et nihil atque ducimus. Aut ea ut quia aut sint qui. Nihil eum consequatur vero dignissimos commodi facilis enim odit. Omnis et rem voluptate repudiandae est maiores dolorum.','2016-11-17 21:18:39','2016-11-17 21:18:39'),(146,55,28,'Consequuntur velit nam adipisci iure labore dolorem. Quae nihil voluptatum eum corrupti dolorem adipisci velit. Aut qui laborum omnis quia laborum quidem.','2016-11-17 21:18:39','2016-11-17 21:18:39'),(147,56,28,'Veritatis minima et earum eum aliquam rerum consequatur. Ipsa velit quia aut necessitatibus nesciunt ea omnis. Sunt in qui similique suscipit cupiditate est delectus.','2016-11-17 21:18:39','2016-11-17 21:18:39'),(148,53,29,'Ad et tempora eum quasi ipsa fugit corporis est. Nam facere non reiciendis unde tempora. Aperiam nam qui nihil omnis. Aut sunt rerum unde nam est voluptatibus quo.','2016-11-17 21:18:39','2016-11-17 21:18:39'),(149,55,29,'Nisi nisi aut voluptatem quis dolores enim dolor ex. Perspiciatis adipisci quae cumque eos velit molestiae reprehenderit. Et consequatur error fugit nam. Et cum cum quasi nihil incidunt quisquam sed.','2016-11-17 21:18:39','2016-11-17 21:18:39'),(150,56,29,'Sit deserunt ipsam quisquam itaque. Qui non ratione tempore possimus qui nemo ipsum.','2016-11-17 21:18:39','2016-11-17 21:18:39'),(151,50,30,'Suscipit omnis quidem explicabo iusto saepe odit eos. Est minus labore accusamus nam aut quia in debitis. Delectus tenetur id minima ea. Odio voluptas quos perspiciatis quo.','2016-11-17 21:18:39','2016-11-17 21:18:39'),(152,54,30,'Eaque velit autem assumenda quos dicta soluta. Fugiat impedit ut ipsa quibusdam. Error placeat similique consequatur qui voluptas.','2016-11-17 21:18:39','2016-11-17 21:18:39'),(153,55,30,'Dolorum nesciunt quaerat et numquam dolor non adipisci magnam. Odit error quo quo velit.','2016-11-17 21:18:39','2016-11-17 21:18:39'),(154,57,1,'Est aspernatur deserunt incidunt officiis non autem consequuntur. Eos labore fugit unde laborum atque ut voluptatem. Repudiandae molestias impedit et.','2016-11-17 21:18:39','2016-11-17 21:18:39'),(155,58,1,'Repudiandae non quibusdam omnis cumque. Nemo blanditiis sint laborum laudantium nobis nulla. Ipsam quos perspiciatis in illum qui minus. Rem qui ex accusamus ea repudiandae omnis.','2016-11-17 21:18:39','2016-11-17 21:18:39'),(156,59,1,'Officia dignissimos odio ipsum odit architecto fugit. Est cum ut at ea iste architecto. Totam est quasi corrupti excepturi omnis omnis non quas.','2016-11-17 21:18:39','2016-11-17 21:18:39'),(157,60,1,'Quod quidem dicta est enim. Molestiae sint a et adipisci ad pariatur distinctio. Voluptatem et aut et enim suscipit dolorum ut et. Facere ipsa quod eveniet sed error consequatur neque ut.','2016-11-17 21:18:39','2016-11-17 21:18:39'),(158,57,2,'Suscipit suscipit nostrum temporibus qui. Quo ipsa ratione dolores odio. Numquam molestiae velit pariatur similique optio. Pariatur modi sed quibusdam eligendi voluptatibus necessitatibus at.','2016-11-17 21:18:39','2016-11-17 21:18:39'),(159,58,2,'Commodi ut ipsa deserunt molestiae perspiciatis nam ratione. Maxime perspiciatis sed quae enim quo veniam qui maxime. Qui non quo numquam voluptate voluptatem dolor possimus dolores.','2016-11-17 21:18:39','2016-11-17 21:18:39'),(160,59,2,'Aut excepturi ipsam mollitia recusandae mollitia quia provident. Quos in adipisci alias dolor. Ea pariatur explicabo non ex velit id maiores.','2016-11-17 21:18:39','2016-11-17 21:18:39'),(161,57,3,'Dolore hic nihil delectus dolor corrupti debitis. Nemo asperiores exercitationem quibusdam.','2016-11-17 21:18:39','2016-11-17 21:18:39'),(162,59,3,'Qui soluta qui voluptas. Autem hic ab facilis quae. Fuga doloribus non sint.','2016-11-17 21:18:39','2016-11-17 21:18:39'),(163,58,4,'Porro omnis ullam nam amet. Ipsa autem et sed autem. Ex perspiciatis maxime et magni omnis. Rerum dolorem qui omnis blanditiis neque iure.','2016-11-17 21:18:39','2016-11-17 21:18:39'),(164,59,4,'Provident non non sed vel placeat. Amet ut doloremque mollitia voluptatem ab atque nulla. In non necessitatibus eaque enim nihil cupiditate. Facilis minima enim omnis ut et.','2016-11-17 21:18:39','2016-11-17 21:18:39'),(165,61,4,'Omnis incidunt praesentium eius. Vitae sequi sed facilis iste. Esse rem ipsa consectetur consequatur autem perspiciatis esse.','2016-11-17 21:18:39','2016-11-17 21:18:39'),(166,58,5,'Ut alias animi perferendis temporibus quam blanditiis. Impedit voluptate dolorem nemo libero voluptate.','2016-11-17 21:18:39','2016-11-17 21:18:39'),(167,59,5,'Perspiciatis ad labore dolor. Necessitatibus cumque sed delectus. Nisi consequatur natus consequuntur ex asperiores dolorem facilis. Vel necessitatibus dolorum porro et optio.','2016-11-17 21:18:39','2016-11-17 21:18:39'),(168,59,6,'Debitis aut explicabo pariatur. Odio expedita harum laboriosam. Omnis est corporis modi laudantium et veniam omnis voluptate.','2016-11-17 21:18:39','2016-11-17 21:18:39'),(169,60,6,'Illo voluptas debitis vel aut ut alias inventore. Est dignissimos deleniti aspernatur quam repellendus officia quis nesciunt.','2016-11-17 21:18:39','2016-11-17 21:18:39'),(170,61,6,'Omnis quis quasi distinctio accusamus. Sapiente ducimus eligendi veritatis.','2016-11-17 21:18:39','2016-11-17 21:18:39'),(171,58,7,'Officiis aut et voluptas tenetur. Animi at aliquam ullam dignissimos. Eos aliquid praesentium illum consequatur labore consectetur. Sint natus quibusdam asperiores eligendi reprehenderit.','2016-11-17 21:18:39','2016-11-17 21:18:39'),(172,59,7,'Reprehenderit temporibus velit dignissimos labore omnis. Totam porro quia nihil omnis nisi et corporis nulla. Fuga in reprehenderit ex consequatur.','2016-11-17 21:18:39','2016-11-17 21:18:39'),(173,60,7,'Accusantium repellendus inventore debitis et delectus voluptatem quis tempore. Provident praesentium voluptatibus quia dolorem. Odit autem impedit et et rerum distinctio.','2016-11-17 21:18:39','2016-11-17 21:18:39'),(174,63,8,'Eum est amet sit et sed quia sed. Eveniet distinctio ipsam id aliquam est illum. In consequuntur rerum vero dolore quod ea. Adipisci sunt amet consectetur aut vero.','2016-11-17 21:18:39','2016-11-17 21:18:39'),(175,65,8,'Excepturi ducimus sapiente aut architecto quae aut est. Minima odio omnis nesciunt vitae non minima. Ex repudiandae qui consequatur ipsam velit enim. Eaque consequatur quis quae neque ratione.','2016-11-17 21:18:39','2016-11-17 21:18:39'),(176,62,9,'Neque voluptatem aut dicta laboriosam ullam error. Consequatur qui quo accusantium recusandae omnis. Dolorem doloremque beatae officia voluptas. Pariatur veritatis perspiciatis incidunt eos repellat.','2016-11-17 21:18:39','2016-11-17 21:18:39'),(177,64,9,'Vero quia et atque quisquam odit quia cumque rerum. Nisi dicta consequatur maxime omnis. Ut doloribus cupiditate voluptatem harum vero qui debitis. Recusandae quam perferendis quas voluptatem.','2016-11-17 21:18:39','2016-11-17 21:18:39'),(178,62,10,'Recusandae occaecati error laborum excepturi cum. Ut tempore omnis consequatur. Officia adipisci pariatur dicta minima eius. Ipsa neque enim tempora rem.','2016-11-17 21:18:39','2016-11-17 21:18:39'),(179,63,10,'Non enim earum velit est perferendis non. Eligendi quasi consequatur est consequatur. Non ab qui adipisci rerum rem rerum. Labore ad eius molestiae qui nihil voluptatibus aut.','2016-11-17 21:18:39','2016-11-17 21:18:39'),(180,64,11,'Quas repellat qui voluptas sint iste itaque omnis libero. Exercitationem veniam pariatur molestiae qui odio doloribus. Architecto aut mollitia optio enim explicabo. Enim quo id molestiae non.','2016-11-17 21:18:39','2016-11-17 21:18:39'),(181,63,12,'Corporis voluptas quo eos esse velit. Velit et molestiae culpa autem nulla eos in. Atque et dolorem nostrum error.','2016-11-17 21:18:39','2016-11-17 21:18:39'),(182,65,12,'Veritatis consequuntur illo blanditiis perferendis libero maiores vero. Aliquam recusandae enim voluptas ut repudiandae vel. Deleniti aperiam ratione ipsum et quia in impedit.','2016-11-17 21:18:39','2016-11-17 21:18:39'),(183,62,13,'Dolore qui et libero animi. Veniam et voluptates repellat. Nisi libero aliquam minus recusandae aut. Odit inventore tempora et ad.','2016-11-17 21:18:39','2016-11-17 21:18:39'),(184,64,13,'Sed fugit distinctio quo et totam est. Iure rerum molestiae et quidem et maiores praesentium. Explicabo vel iusto totam nostrum rerum. Optio sed est nostrum dicta autem.','2016-11-17 21:18:39','2016-11-17 21:18:39'),(185,65,13,'Commodi quia illum laudantium libero ducimus aut voluptatem. Ea impedit dolor et ea quo iste alias. Sed minima quod rerum aut est in dolores.','2016-11-17 21:18:39','2016-11-17 21:18:39'),(186,62,14,'Et maxime illum consequatur suscipit. Consequatur consequatur iusto sunt corporis odit mollitia. Earum et laborum ut rerum tempore quas iste. Perferendis neque dolores praesentium nisi.','2016-11-17 21:18:39','2016-11-17 21:18:39'),(187,63,14,'A dolor et veniam debitis non accusantium aut. Eos cum modi ipsum culpa doloribus. Cumque aut omnis nobis recusandae eos. Rerum harum minima ducimus omnis excepturi.','2016-11-17 21:18:39','2016-11-17 21:18:39'),(188,64,14,'Nihil quam modi nihil laboriosam. Enim est aliquid sunt. Sed esse ut incidunt.','2016-11-17 21:18:39','2016-11-17 21:18:39'),(189,62,15,'Voluptas sed enim impedit a porro. Tenetur ut non illo quod. Repellendus praesentium dignissimos quia exercitationem cum sit.','2016-11-17 21:18:39','2016-11-17 21:18:39'),(190,63,15,'Eius nihil unde doloribus atque deserunt nihil. In quibusdam velit fuga quasi possimus. Eum qui reprehenderit error quia modi.','2016-11-17 21:18:39','2016-11-17 21:18:39'),(191,64,15,'Distinctio facilis modi officiis nesciunt cum eum. Sapiente dolor esse aspernatur provident. Deserunt id omnis ut eum magni.','2016-11-17 21:18:39','2016-11-17 21:18:39'),(192,69,16,'Sapiente libero velit incidunt cum. At eaque corporis eos. Iure officia iure repellendus nihil facilis velit placeat ab. Et est voluptatem quae autem ut aspernatur eum.','2016-11-17 21:18:39','2016-11-17 21:18:39'),(193,66,17,'Eum debitis voluptatem dolorem eos quis. Aliquid mollitia qui et. Id quas eligendi in nobis omnis voluptatem.','2016-11-17 21:18:39','2016-11-17 21:18:39'),(194,69,17,'Dolor et quia quia aut quidem. Autem optio consectetur neque incidunt. Consequatur dolorum quam doloribus est laudantium velit. Voluptas qui omnis autem corporis quia.','2016-11-17 21:18:39','2016-11-17 21:18:39'),(195,70,17,'Distinctio eos qui ex soluta eveniet consectetur at. Ab temporibus qui ex. Incidunt odio fugiat id eos et perferendis. Tempora ut molestias vitae nulla.','2016-11-17 21:18:39','2016-11-17 21:18:39'),(196,66,18,'Corporis delectus numquam corrupti distinctio. Est incidunt modi in iste ea.\nSequi quasi odio quidem occaecati. Quia harum a inventore aut est consectetur. Dicta ut sit molestiae ipsam dolore vel.','2016-11-17 21:18:39','2016-11-17 21:18:39'),(197,67,18,'Quam sit et exercitationem voluptas id maxime. Dolore sed adipisci aut voluptatibus. Ratione nesciunt dolorum quod dolorem voluptatum sed.','2016-11-17 21:18:39','2016-11-17 21:18:39'),(198,68,18,'Totam culpa ut quo eos consequuntur quis et. Pariatur voluptatem quasi consequatur eum enim molestias ab. Atque sed repellat enim quidem. Necessitatibus dolore sequi odio amet nobis.','2016-11-17 21:18:39','2016-11-17 21:18:39'),(199,69,18,'Ut quia et consequatur facere adipisci et nulla sed. Dolor et magni laborum omnis omnis esse nisi. Nihil vel praesentium necessitatibus eligendi. Provident magni temporibus aut dolores.','2016-11-17 21:18:39','2016-11-17 21:18:39'),(200,70,18,'Sunt modi blanditiis qui omnis et. Et quasi sed eos voluptatem aspernatur omnis ratione.\nAnimi corporis sunt cupiditate. Odit expedita et ducimus a ut. Amet placeat et fugiat.','2016-11-17 21:18:39','2016-11-17 21:18:39'),(201,69,19,'Quisquam et voluptates ut dicta voluptatem rerum qui. Quo et sunt sunt autem molestiae eum blanditiis. Sed architecto delectus occaecati ipsum deleniti assumenda et numquam.','2016-11-17 21:18:39','2016-11-17 21:18:39'),(202,72,20,'Dolor nisi qui reiciendis atque. Quod id et voluptatem dolorem quas quo. Sunt consequuntur ipsam aut tenetur. Voluptatibus provident quam harum rem cupiditate expedita.','2016-11-17 21:18:39','2016-11-17 21:18:39'),(203,73,20,'Numquam iusto provident et nostrum eaque voluptatem. Voluptas aperiam sunt officiis natus non distinctio. Repellat consectetur maxime at fuga pariatur officiis.','2016-11-17 21:18:39','2016-11-17 21:18:39'),(204,72,21,'Ipsa et voluptate dolorem illo aut earum. Dignissimos dolor quas sed non molestias beatae sit. Debitis modi aperiam quis in qui quia autem.','2016-11-17 21:18:39','2016-11-17 21:18:39'),(205,71,22,'Enim necessitatibus a qui sequi. Maxime rem suscipit dolorum architecto non molestiae eum. Aut occaecati aliquam quisquam repudiandae animi repellat nesciunt.','2016-11-17 21:18:39','2016-11-17 21:18:39'),(206,72,22,'Fugiat animi itaque tempore laudantium quis unde magnam. Quia pariatur eligendi quisquam est quas saepe eos. Sunt doloremque tempora sit voluptate totam.','2016-11-17 21:18:39','2016-11-17 21:18:39'),(207,73,22,'Sed asperiores deserunt libero saepe velit. Sequi commodi ut sit aspernatur aut est facere. Quia labore qui nobis deserunt voluptas eaque voluptate. Omnis tenetur veritatis in eaque quaerat velit.','2016-11-17 21:18:39','2016-11-17 21:18:39'),(208,71,23,'Vitae porro aut dolore nisi laudantium et. Doloremque sint possimus dicta ducimus vel fugit. Laudantium sit est laborum consequatur debitis alias accusantium.','2016-11-17 21:18:39','2016-11-17 21:18:39'),(209,72,23,'Eius aliquid voluptatum minus explicabo iure et impedit aut. Doloremque quis velit corrupti aut. At quam sed deserunt iste officiis non. Non sunt quas dolorem ullam.','2016-11-17 21:18:39','2016-11-17 21:18:39'),(210,73,23,'Iusto quia quos nam et fuga. Enim non ducimus fugiat praesentium.','2016-11-17 21:18:39','2016-11-17 21:18:39'),(211,71,24,'Rem quod id sapiente nobis id voluptatem est. Optio eos mollitia sit et veniam quae. Ea modi nihil quos facilis amet ut necessitatibus.','2016-11-17 21:18:39','2016-11-17 21:18:39'),(212,73,24,'Quis nostrum sit quos nobis autem ipsa. Rerum saepe dolor repellendus culpa quis deserunt laudantium. Ratione qui animi a dolores unde magnam labore.','2016-11-17 21:18:39','2016-11-17 21:18:39'),(213,72,25,'Accusantium quia ex dolores temporibus iste quasi. Et dolores porro facere labore. Aut impedit architecto qui molestiae velit.','2016-11-17 21:18:39','2016-11-17 21:18:39'),(214,73,26,'Sint sequi perferendis aspernatur dolorem modi. Voluptates architecto occaecati nihil est consequatur fugiat sit. Expedita ratione quasi voluptates consequatur quas voluptas.','2016-11-17 21:18:39','2016-11-17 21:18:39'),(215,73,27,'Ex molestiae voluptatem aliquam autem accusantium tenetur aspernatur et. In ex adipisci officia quo. Fugiat possimus aspernatur cupiditate officia.','2016-11-17 21:18:39','2016-11-17 21:18:39'),(216,74,28,'Aut aspernatur quasi quia amet. Eaque veritatis quae expedita eaque accusantium.','2016-11-17 21:18:39','2016-11-17 21:18:39'),(217,76,28,'Placeat dolores voluptatem id perferendis. Quam alias harum autem eaque et sed error. Dicta culpa molestias et corrupti quasi incidunt doloribus fuga. Voluptate cupiditate possimus qui perspiciatis.','2016-11-17 21:18:39','2016-11-17 21:18:39'),(218,77,28,'Non aliquam ut et qui magni non. Dolorem fugiat aut ut enim dignissimos voluptatem. Facilis eum vel eos id error repudiandae.','2016-11-17 21:18:39','2016-11-17 21:18:39'),(219,75,29,'Vel non sequi cumque. Nam voluptatibus aspernatur voluptatem natus. Saepe doloribus odit deserunt enim omnis est iure. Adipisci nihil quidem odio.','2016-11-17 21:18:39','2016-11-17 21:18:39'),(220,75,30,'Nihil non nisi odio quis. Et rerum ut et enim maiores. Odit molestiae rerum aspernatur quo sequi assumenda. Aperiam qui a quibusdam.','2016-11-17 21:18:39','2016-11-17 21:18:39'),(221,76,30,'Consequuntur est commodi voluptas sint et. Voluptate dicta a et rerum voluptate in nobis id. Non qui doloribus repellendus sapiente ut aut.','2016-11-17 21:18:39','2016-11-17 21:18:39'),(222,79,1,'Eum quam ut tempore dolores sint. Consequatur sed qui dicta maiores. Dolores consequuntur totam et voluptatem nihil.','2016-11-17 21:18:39','2016-11-17 21:18:39'),(223,80,1,'Perspiciatis ipsa necessitatibus illo reprehenderit eveniet quos eaque. Corporis amet ea sunt. Earum dolor accusantium dolorum eius itaque pariatur labore. Dolores nihil sequi dicta esse.','2016-11-17 21:18:39','2016-11-17 21:18:39'),(224,81,1,'Ab delectus explicabo itaque non. Reprehenderit tempore voluptatem odio ullam libero dolor. Omnis dicta quis ratione veritatis. Error aut aliquam ea magni ut necessitatibus molestias officiis.','2016-11-17 21:18:39','2016-11-17 21:18:39'),(225,84,1,'Qui harum autem rerum quis qui. Placeat occaecati ad ratione. Quisquam dolorum earum earum consequuntur.','2016-11-17 21:18:39','2016-11-17 21:18:39'),(226,78,2,'Molestias in aut doloribus non atque illum. Saepe velit eveniet est eum alias dignissimos cum. Ut aliquid rerum cumque necessitatibus ut.','2016-11-17 21:18:39','2016-11-17 21:18:39'),(227,80,2,'Sed vel tempora adipisci voluptate ut animi. Recusandae culpa nobis alias et nihil alias sit ullam. Dolorum rerum fuga et et quidem.','2016-11-17 21:18:39','2016-11-17 21:18:39'),(228,83,2,'Doloremque voluptatem est doloremque atque non suscipit. Qui est porro voluptates distinctio ex ut sed rerum. Vel atque ad corrupti animi a. Quis soluta necessitatibus ratione aspernatur libero ut.','2016-11-17 21:18:39','2016-11-17 21:18:39'),(229,84,2,'Ut sint et quia eos aut ut. Velit officiis sequi alias perferendis facere. Ipsam quidem ex corrupti sit est voluptas. Qui consequatur voluptatem cupiditate eum.','2016-11-17 21:18:39','2016-11-17 21:18:39'),(230,78,3,'Corrupti et ut aut et. Et quas omnis totam. Iure sed pariatur quibusdam vel consequatur sapiente beatae voluptatem. Quo nihil nemo et laborum.','2016-11-17 21:18:39','2016-11-17 21:18:39'),(231,79,3,'Consequatur odit et nobis nulla. Quidem neque sunt debitis autem maiores quibusdam. Minus molestiae dolorem quam nulla quo. Quis natus odio sit officia quae.','2016-11-17 21:18:39','2016-11-17 21:18:39'),(232,80,3,'Eum quia totam impedit ut eum id ut. Nostrum et fugiat id dicta quo enim inventore et. Qui et quod quae. Consequatur modi corporis laboriosam tempora tempora esse non.','2016-11-17 21:18:39','2016-11-17 21:18:39'),(233,81,3,'Ipsum corrupti dignissimos fugiat omnis. Quidem aut fuga aliquid similique et asperiores libero. Aut rem ut nisi nihil. Facilis dolorem sunt porro officia ipsum adipisci.','2016-11-17 21:18:39','2016-11-17 21:18:39'),(234,83,3,'Quo et non ducimus maiores quia nam. Ea corporis ipsum aut accusantium aut. Nemo repellendus deserunt officiis reprehenderit aut placeat.','2016-11-17 21:18:39','2016-11-17 21:18:39'),(235,84,3,'Enim vero dignissimos qui ipsum voluptatem quia omnis. Harum nihil fugit corporis quo odio autem. Sed dignissimos maxime a voluptatum quos ipsam ducimus. Occaecati quod odio omnis iusto.','2016-11-17 21:18:39','2016-11-17 21:18:39'),(236,78,4,'Aut fugit nobis quas consequuntur. Facilis repudiandae nostrum et dolore.','2016-11-17 21:18:39','2016-11-17 21:18:39'),(237,80,4,'Repellendus nobis ad est fuga assumenda aut nostrum. Repellendus sed commodi dolor dolore aut. Sint saepe dignissimos dolor qui consequuntur rerum.','2016-11-17 21:18:39','2016-11-17 21:18:39'),(238,82,4,'Voluptate iste sed nihil. Molestias consequatur occaecati omnis eveniet et debitis. Dicta occaecati rerum iusto occaecati explicabo recusandae est. Nulla molestiae quos optio illo.','2016-11-17 21:18:39','2016-11-17 21:18:39'),(239,84,4,'Suscipit non cupiditate quia magnam eius quia. Cumque omnis ducimus necessitatibus provident. Fugit consequuntur hic accusamus a. Doloremque similique pariatur ea voluptatum.','2016-11-17 21:18:39','2016-11-17 21:18:39'),(240,80,5,'Et laudantium incidunt sit sapiente. Reiciendis ipsam magnam ipsam doloribus vero et suscipit. Laboriosam voluptas perspiciatis ut perferendis. Quo laboriosam eum error eos voluptatem ad.','2016-11-17 21:18:39','2016-11-17 21:18:39'),(241,82,5,'Asperiores maxime accusamus placeat voluptatem accusantium. Velit qui quod earum debitis quae neque quas. Incidunt a cum asperiores eveniet placeat et ratione id.','2016-11-17 21:18:39','2016-11-17 21:18:39'),(242,79,6,'Et dolor ut recusandae architecto quis omnis architecto. Rerum dolor ad sit. Consequuntur non expedita et ratione delectus.','2016-11-17 21:18:39','2016-11-17 21:18:40'),(243,83,6,'Tempora officia deleniti ipsam voluptate. Sint delectus occaecati non illo.','2016-11-17 21:18:40','2016-11-17 21:18:40'),(244,78,7,'Assumenda earum repellendus magni quam sequi. Cupiditate quos fuga optio. Voluptatem eos et odit aut minima.','2016-11-17 21:18:40','2016-11-17 21:18:40'),(245,79,7,'Dicta quae magni ut fugiat sint sit ut. Quaerat in qui quidem et. Minima quia eaque dolor ipsum sint deserunt delectus.','2016-11-17 21:18:40','2016-11-17 21:18:40'),(246,80,7,'Necessitatibus id quis vel qui et cupiditate. Ut illum omnis esse provident aliquid ratione reiciendis. Non dolorem est doloremque rerum id odio a. Dolorem id voluptatem voluptatem expedita non.','2016-11-17 21:18:40','2016-11-17 21:18:40'),(247,86,8,'Provident asperiores facilis possimus molestiae. Illo consectetur alias et et. Maxime minima perferendis explicabo alias autem.','2016-11-17 21:18:40','2016-11-17 21:18:40'),(248,87,9,'Qui ex recusandae consequatur perferendis aut rerum expedita quia. Eum quas et distinctio nulla ut aut officia. Quia quaerat occaecati et ratione at explicabo.','2016-11-17 21:18:40','2016-11-17 21:18:40'),(249,88,10,'Doloremque ab magnam dolorum voluptatem odit facilis qui. Praesentium ipsam quisquam quis accusamus maiores voluptatem. Omnis molestiae aspernatur aut tenetur asperiores.','2016-11-17 21:18:40','2016-11-17 21:18:40'),(250,86,11,'Voluptatum quia fugit fugiat iure ducimus dolore et. Ea voluptas quo rerum explicabo commodi sit. Omnis sequi et debitis maxime architecto.','2016-11-17 21:18:40','2016-11-17 21:18:40'),(251,87,11,'Minima enim omnis ea voluptatibus nisi et. Aspernatur placeat asperiores et. Perspiciatis nobis ea et corrupti dicta sunt iure. Quam qui fugit quis hic ducimus.','2016-11-17 21:18:40','2016-11-17 21:18:40'),(252,88,11,'Numquam sint et adipisci sunt recusandae. Recusandae ex repellat dolores sint impedit. Omnis aspernatur officia iusto hic. Ea nobis ad voluptatem.','2016-11-17 21:18:40','2016-11-17 21:18:40'),(253,85,12,'Voluptatem consectetur rerum cupiditate cum nihil molestiae. Sed non qui omnis eos pariatur.','2016-11-17 21:18:40','2016-11-17 21:18:40'),(254,86,12,'Ut occaecati ipsum autem consequatur. Repudiandae voluptate et nisi optio.','2016-11-17 21:18:40','2016-11-17 21:18:40'),(255,87,12,'Ut quia dolorum saepe rerum consectetur minima architecto ratione. Ut unde reiciendis nesciunt inventore. Dolore eligendi omnis temporibus incidunt nisi. Fuga dicta aut sed soluta.','2016-11-17 21:18:40','2016-11-17 21:18:40'),(256,85,13,'Aut reiciendis et aliquam. Totam nihil nulla enim consectetur laboriosam. Amet qui est voluptatem aliquid.','2016-11-17 21:18:40','2016-11-17 21:18:40'),(257,86,13,'Maiores reiciendis labore itaque quisquam sed. Et aut consequatur expedita doloribus dolor sunt delectus. Qui unde ex itaque aut cumque rerum. Autem molestiae aut ipsam nulla ea.','2016-11-17 21:18:40','2016-11-17 21:18:40'),(258,87,13,'Consequatur corrupti ad omnis iste ad. Molestiae nemo reprehenderit ea consequatur corporis. Sit explicabo mollitia et enim sint.','2016-11-17 21:18:40','2016-11-17 21:18:40'),(259,88,13,'Eligendi et magnam ex porro. Voluptatem id ducimus placeat suscipit harum nihil aperiam. Assumenda aut quia aut cupiditate excepturi.','2016-11-17 21:18:40','2016-11-17 21:18:40'),(260,85,14,'Quis unde magnam impedit non eum qui exercitationem nemo. Corrupti repudiandae esse aut amet sit placeat. Non fugiat est mollitia porro aut. Vel minima unde iure beatae qui blanditiis voluptates.','2016-11-17 21:18:40','2016-11-17 21:18:40'),(261,86,14,'Doloremque dolor praesentium molestiae hic maxime. Illo et aliquid est. Quae repellendus itaque quia natus et at. Quisquam at blanditiis excepturi deserunt quia consequatur illo magnam.','2016-11-17 21:18:40','2016-11-17 21:18:40'),(262,87,14,'Velit aperiam et veniam neque nostrum alias. Quia non perspiciatis voluptatem praesentium. Id rerum repudiandae qui doloremque corrupti non est.','2016-11-17 21:18:40','2016-11-17 21:18:40'),(263,85,15,'Nemo nemo a voluptate doloremque quisquam esse quos. Ipsum dolor non autem. Et incidunt aut veniam ducimus deserunt.','2016-11-17 21:18:40','2016-11-17 21:18:40'),(264,91,16,'Quas culpa eius cumque dicta porro voluptatem. Non consequatur reiciendis dolores odit consectetur praesentium voluptas. Porro voluptas dignissimos quo provident nulla qui molestias.','2016-11-17 21:18:40','2016-11-17 21:18:40'),(265,92,16,'Eos qui sint similique occaecati. Rerum dolor vel blanditiis illo aut vel. Eveniet commodi veritatis mollitia et inventore modi. Rem architecto quia totam voluptatem quia.','2016-11-17 21:18:40','2016-11-17 21:18:40'),(266,90,17,'Amet dolore et ratione iste esse quod fugit. Ipsam id debitis vel voluptatem quas. Nesciunt non eius eos consequuntur ex. Quod exercitationem quis consequatur consequuntur non consequatur libero.','2016-11-17 21:18:40','2016-11-17 21:18:40'),(267,91,17,'Est reiciendis est corrupti mollitia consequatur odio deleniti. Dolorem et id adipisci vel maxime molestiae.','2016-11-17 21:18:40','2016-11-17 21:18:40'),(268,92,17,'Autem aut quia et dolor. Placeat inventore aspernatur quas reprehenderit inventore. Nihil eveniet eveniet incidunt.','2016-11-17 21:18:40','2016-11-17 21:18:40'),(269,93,17,'Aperiam quasi sit suscipit consequatur molestiae. Aut occaecati accusamus ut animi dolorem omnis. Eos rem magnam tenetur. Voluptatem et repellendus est consequatur rerum necessitatibus.','2016-11-17 21:18:40','2016-11-17 21:18:40'),(270,89,18,'Id saepe dolorem id voluptas molestias et. Eaque quibusdam itaque debitis consequatur cumque aut.','2016-11-17 21:18:40','2016-11-17 21:18:40'),(271,90,18,'Blanditiis aut nesciunt at et explicabo consectetur. In dolores aut officia. Et molestias voluptas commodi officia sed hic. Illo repellat voluptatem vel voluptatum alias esse.','2016-11-17 21:18:40','2016-11-17 21:18:40'),(272,91,18,'Qui voluptatum quas ab unde reprehenderit laboriosam sint. Nemo ducimus maiores exercitationem quos.','2016-11-17 21:18:40','2016-11-17 21:18:40'),(273,93,18,'Itaque nisi et inventore odio est necessitatibus sequi. Beatae dolores labore magnam. Alias ad culpa quos. Suscipit ullam deleniti vel.','2016-11-17 21:18:40','2016-11-17 21:18:40'),(274,89,19,'Aut inventore qui quo. Molestias in similique est quia animi. Nobis reprehenderit ratione rem earum minus id. Vel nobis cumque sed aut dolor voluptatem quia deserunt.','2016-11-17 21:18:40','2016-11-17 21:18:40'),(275,90,19,'Expedita accusantium earum natus. Dolor est sit voluptatem non. Esse cum et aliquid. Quia ratione tenetur ad assumenda sed.','2016-11-17 21:18:40','2016-11-17 21:18:40'),(276,92,19,'Quia exercitationem sed aut nobis et. Minus mollitia sed amet consequuntur. Sapiente eligendi unde saepe consequatur suscipit fugiat.','2016-11-17 21:18:40','2016-11-17 21:18:40'),(277,93,19,'Voluptates esse corrupti a quia. Pariatur velit rem aut eligendi. Dicta dicta laudantium veniam quo quam quam facere. Suscipit id corporis ut corrupti.','2016-11-17 21:18:40','2016-11-17 21:18:40'),(278,95,20,'Ullam praesentium voluptatem sapiente facilis ex. Voluptatem sint unde quia atque architecto cum.','2016-11-17 21:18:40','2016-11-17 21:18:40'),(279,96,20,'Autem voluptas ipsam illo omnis repellendus non in. Et sed soluta architecto quas. Quam voluptatum voluptatem illum quas. Sed et distinctio dolorum repellendus voluptas.','2016-11-17 21:18:40','2016-11-17 21:18:40'),(280,97,20,'In officia dolorem rem dolores qui velit architecto. Est esse dolorem at dicta. Neque fugiat quia ad et voluptas quasi.','2016-11-17 21:18:40','2016-11-17 21:18:40'),(281,94,21,'Assumenda non enim in et ut. Molestiae et qui dolorem voluptate. Voluptas perferendis velit repellendus assumenda qui rerum dolore.','2016-11-17 21:18:40','2016-11-17 21:18:40'),(282,98,21,'Est praesentium praesentium perferendis sit. Possimus aut accusantium animi tempora. Quibusdam harum est id ea ut totam.','2016-11-17 21:18:40','2016-11-17 21:18:40'),(283,99,21,'Rerum doloribus sit deserunt aut. Molestiae aspernatur sequi et ea minus eum quia.\nSit qui dolor sunt aut. Fugiat molestiae quia omnis quam autem et similique.','2016-11-17 21:18:40','2016-11-17 21:18:40'),(284,97,22,'Et quos dolor praesentium dolorum neque. Sint ea consectetur et cum doloremque qui tempore. Ipsa sapiente error autem laboriosam quo.','2016-11-17 21:18:40','2016-11-17 21:18:40'),(285,98,22,'Quae blanditiis in et explicabo aut voluptatem deserunt. Provident qui aperiam nemo doloremque. Voluptatum quas architecto corporis ab rerum occaecati nihil quae.','2016-11-17 21:18:40','2016-11-17 21:18:40'),(286,99,22,'Ratione est sed atque aliquid deserunt quia accusamus. Non accusantium maxime maxime consectetur. Voluptatibus laboriosam perspiciatis iste porro.','2016-11-17 21:18:40','2016-11-17 21:18:40'),(287,94,23,'Nemo sequi eos labore aut pariatur eius nemo ducimus. Temporibus sit consequatur dicta quo minima aliquam. Reiciendis et eum eligendi voluptas repellat qui.','2016-11-17 21:18:40','2016-11-17 21:18:40'),(288,96,23,'Consequatur natus est autem amet sapiente. Numquam necessitatibus voluptate minus accusamus eos eaque. Consequuntur voluptas consequuntur labore facere hic.','2016-11-17 21:18:40','2016-11-17 21:18:40'),(289,96,24,'Quis deleniti ullam voluptatem debitis. Quisquam suscipit magnam enim eius.','2016-11-17 21:18:40','2016-11-17 21:18:40'),(290,99,24,'Asperiores temporibus beatae et. Nesciunt repudiandae sunt non dolores magni est. Odit error at ullam sit delectus.','2016-11-17 21:18:40','2016-11-17 21:18:40'),(291,94,25,'Id consequuntur aperiam necessitatibus. Fugiat dolorem aut praesentium.\nIpsum tempora aut hic error dolores quas quibusdam non. Doloremque natus saepe atque sit fuga sit voluptates.','2016-11-17 21:18:40','2016-11-17 21:18:40'),(292,97,25,'Nihil ut eius animi. Qui sequi id delectus ut voluptatem facere earum. Et accusamus quam perspiciatis odio dolor.','2016-11-17 21:18:40','2016-11-17 21:18:40'),(293,98,25,'Vitae labore labore voluptas beatae animi. Sint aspernatur repellendus eveniet voluptatem nihil. Aut totam est consequatur et quos aut.','2016-11-17 21:18:40','2016-11-17 21:18:40'),(294,99,25,'Beatae eos et voluptatem et quia. Error nihil alias atque aut velit. Exercitationem quia rerum mollitia consequatur. Aliquid qui reiciendis inventore qui saepe distinctio.','2016-11-17 21:18:40','2016-11-17 21:18:40'),(295,94,26,'Praesentium unde dolor deserunt non accusantium. Et necessitatibus qui et dolorem aliquam. Perspiciatis similique eos et est eum id.','2016-11-17 21:18:40','2016-11-17 21:18:40'),(296,95,26,'Et ab tenetur et aspernatur consequatur. Ut voluptates officiis rerum eos ratione. Voluptatum et qui temporibus occaecati vero sit. Deleniti ut voluptates modi modi.','2016-11-17 21:18:40','2016-11-17 21:18:40'),(297,98,26,'Enim animi quasi quia quaerat reprehenderit quis et blanditiis. Ut quia placeat sint iusto et. Fugiat fugiat delectus est repellendus.','2016-11-17 21:18:40','2016-11-17 21:18:40'),(298,94,27,'Maxime architecto maiores assumenda et cupiditate voluptas minus. Aut quis dolores quia est et tenetur. Quia molestias voluptatem sint unde vitae.','2016-11-17 21:18:40','2016-11-17 21:18:40'),(299,96,27,'Facere ut ut doloribus quis commodi. Et sed asperiores esse. Debitis consequatur fuga consequuntur aspernatur at.','2016-11-17 21:18:40','2016-11-17 21:18:40'),(300,97,27,'Voluptas sequi architecto autem sunt tenetur. Suscipit omnis consequatur debitis quod esse ex. Placeat optio dignissimos quis. Numquam ut quis molestiae velit voluptas assumenda.','2016-11-17 21:18:40','2016-11-17 21:18:40'),(301,100,28,'Et non rerum eligendi similique est. Libero et reprehenderit quas aut vel illo est. Provident omnis explicabo dolor sit.','2016-11-17 21:18:40','2016-11-17 21:18:40'),(302,101,28,'Aliquam laborum ea est quia dicta. Qui beatae minus sed ut dolor quod adipisci molestiae. Quo earum iusto est et mollitia.','2016-11-17 21:18:40','2016-11-17 21:18:40'),(303,102,28,'In dolorem omnis architecto. Distinctio et harum ut debitis qui quisquam qui.','2016-11-17 21:18:40','2016-11-17 21:18:40'),(304,104,28,'Et et sed delectus quos totam. Quo sint sit nisi dolore itaque quam asperiores. Placeat odio id ab voluptate.','2016-11-17 21:18:40','2016-11-17 21:18:40'),(305,106,28,'Praesentium sit optio ab fuga quis facilis. Exercitationem fugit sed necessitatibus. Rem at a nam ratione voluptatum repellendus repellat odit.','2016-11-17 21:18:40','2016-11-17 21:18:40'),(306,102,29,'Cum rerum nemo distinctio quis maxime. Labore voluptatem ea praesentium sit commodi. Incidunt placeat totam consequatur ut.','2016-11-17 21:18:40','2016-11-17 21:18:40'),(307,100,30,'Facere occaecati et nesciunt ut sit. Delectus autem aut ut ullam enim. Magnam tempore modi necessitatibus consequatur sit consequatur. Omnis ut saepe amet aperiam ut amet enim.','2016-11-17 21:18:40','2016-11-17 21:18:40'),(308,101,30,'Veniam praesentium quaerat cum quia. Et et qui est velit sunt fuga. Ex necessitatibus id incidunt sint.','2016-11-17 21:18:40','2016-11-17 21:18:40'),(309,102,30,'Est illo odit ut sed nam. Provident voluptate quia placeat perspiciatis. Dolor debitis maxime aut sunt odit quisquam corrupti.','2016-11-17 21:18:40','2016-11-17 21:18:40'),(310,103,30,'Itaque quia consequatur rerum qui recusandae animi ut. Qui aperiam autem ducimus dignissimos fugiat consequatur sequi. Corrupti impedit officiis in quisquam magnam blanditiis quidem autem.','2016-11-17 21:18:40','2016-11-17 21:18:40'),(311,104,30,'Quae occaecati aut rerum rerum vero facilis repellendus. Suscipit doloremque ad hic. Sed qui quam iure ipsam. Aut ipsa ut atque minima et.','2016-11-17 21:18:40','2016-11-17 21:18:40'),(312,105,30,'Distinctio aliquid est dolorum sed id repellat alias. Ut aut repudiandae quo quasi omnis. Dolor quo et dicta similique neque vero libero. Quia neque est consequatur autem hic est.','2016-11-17 21:18:40','2016-11-17 21:18:40'),(313,109,31,'hhhhhh in','2016-11-30 18:06:07','2016-11-30 18:06:07'),(314,109,32,'jjj','2016-11-30 18:06:15','2016-11-30 18:06:15'),(315,110,31,'Lorem','2016-12-01 13:04:18','2016-12-01 13:04:18');

/*Table structure for table `sucursales` */

DROP TABLE IF EXISTS `sucursales`;

CREATE TABLE `sucursales` (
  `id` int(10) unsigned NOT NULL AUTO_INCREMENT,
  `id_tipo` int(10) unsigned NOT NULL,
  `codigo` varchar(255) COLLATE utf8_unicode_ci NOT NULL,
  `nombre` varchar(255) COLLATE utf8_unicode_ci NOT NULL,
  `descripcion` varchar(255) COLLATE utf8_unicode_ci DEFAULT NULL,
  `direccion` varchar(255) COLLATE utf8_unicode_ci NOT NULL,
  `telefono` varchar(255) COLLATE utf8_unicode_ci NOT NULL,
  `ciudad` varchar(255) COLLATE utf8_unicode_ci NOT NULL,
  `created_at` timestamp NULL DEFAULT NULL,
  `updated_at` timestamp NULL DEFAULT NULL,
  PRIMARY KEY (`id`)
) ENGINE=MyISAM AUTO_INCREMENT=11 DEFAULT CHARSET=utf8 COLLATE=utf8_unicode_ci;

/*Data for the table `sucursales` */

insert  into `sucursales`(`id`,`id_tipo`,`codigo`,`nombre`,`descripcion`,`direccion`,`telefono`,`ciudad`,`created_at`,`updated_at`) values (1,1,'Mn1PIbzf8Q','Isaiside','Et nihil commodi a totam velit nihil. Ut dolores suscipit optio omnis molestias est. Aspernatur eum consequatur vel eos vel omnis aut.','4702 Schamberger Trail Apt. 330\nWest Palma, MD 46967','(927) 983-4386 x678','Mollyshire','2016-11-17 21:18:37','2016-11-17 21:18:37'),(2,1,'dLpN9AVZPP','Port Donmouth','Expedita ipsam aperiam sed minima. Ut quod in est facilis sit sit voluptatem. Et rerum quidem aliquam qui et labore distinctio.','78576 Buckridge Hills Suite 489\nMcCulloughton, GA 00908-4802','(886) 599-3544 x3343','North Roryside','2016-11-17 21:18:37','2016-11-17 21:18:37'),(3,1,'97Ro5S0Ire','Florencechester','Recusandae sunt sit optio sit ea aut illo. Commodi eveniet eos earum quos perferendis sit fugit sint. Nihil doloribus aspernatur consequatur et laudantium.','995 Chaya Manor Suite 610\nWainoborough, IL 92666','+1.919.767.2546','New Veda','2016-11-17 21:18:37','2016-11-17 21:18:37'),(4,2,'3esZjs1FFo','Hegmannstad','Sint sit dignissimos similique. Et veniam atque quidem officiis corporis est culpa. Qui expedita aut consequatur. Ut rerum itaque aut consequuntur aspernatur excepturi voluptas.','6548 Kaia Spurs Suite 237\nKerlukefort, MO 42540','(387) 475-1429','Audreyland','2016-11-17 21:18:37','2016-11-17 21:18:37'),(5,1,'A123','Sucursal uno',NULL,'Direccion uno','123456','Lima','2016-11-21 19:02:09','2016-11-21 19:02:09'),(6,1,'B123','Sucursal dos',NULL,'Direccion dos','123456','Lima','2016-11-21 19:02:09','2016-11-21 19:02:09'),(7,1,'C123','Sucursal tres',NULL,'Direccion tres','123456','Lima','2016-11-21 19:02:09','2016-11-21 19:02:09'),(8,1,'D123','Sucursal cuatro',NULL,'Direccion cuatro','123456','Lima','2016-11-21 19:02:09','2016-11-21 19:02:09'),(9,2,'E123','Sucursal cinco',NULL,'Direccion cinco','123456','Lima','2016-11-21 19:02:09','2016-11-21 19:02:09'),(10,2,'F123','Sucursal seis',NULL,'Direccion seis','123456','Lima','2016-11-21 19:02:09','2016-11-21 19:02:09');

/*Table structure for table `tipos_sucursal` */

DROP TABLE IF EXISTS `tipos_sucursal`;

CREATE TABLE `tipos_sucursal` (
  `id` int(10) unsigned NOT NULL AUTO_INCREMENT,
  `nombre` varchar(255) COLLATE utf8_unicode_ci NOT NULL,
  PRIMARY KEY (`id`)
) ENGINE=MyISAM AUTO_INCREMENT=3 DEFAULT CHARSET=utf8 COLLATE=utf8_unicode_ci;

/*Data for the table `tipos_sucursal` */

insert  into `tipos_sucursal`(`id`,`nombre`) values (1,'Tienda'),(2,'Agente');

/*Table structure for table `users` */

DROP TABLE IF EXISTS `users`;

CREATE TABLE `users` (
  `id` int(10) unsigned NOT NULL AUTO_INCREMENT,
  `nombre` varchar(255) COLLATE utf8_unicode_ci NOT NULL,
  `apellido` varchar(255) COLLATE utf8_unicode_ci NOT NULL,
  `telefono_movil` varchar(255) COLLATE utf8_unicode_ci DEFAULT NULL,
  `correo_personal` varchar(255) COLLATE utf8_unicode_ci NOT NULL,
  `ruta_foto` varchar(255) COLLATE utf8_unicode_ci DEFAULT NULL,
  `id_sucursal` varchar(255) COLLATE utf8_unicode_ci DEFAULT NULL,
  `codigo` varchar(255) COLLATE utf8_unicode_ci NOT NULL,
  `usuario` varchar(255) COLLATE utf8_unicode_ci NOT NULL,
  `clave_actualizada` tinyint(1) NOT NULL,
  `estado` varchar(255) COLLATE utf8_unicode_ci NOT NULL,
  `nivel_acceso` varchar(255) COLLATE utf8_unicode_ci NOT NULL DEFAULT '0',
  `password` varchar(255) COLLATE utf8_unicode_ci NOT NULL,
  `api_token` varchar(60) COLLATE utf8_unicode_ci NOT NULL,
  `remember_token` varchar(100) COLLATE utf8_unicode_ci DEFAULT NULL,
  `created_at` timestamp NULL DEFAULT NULL,
  `updated_at` timestamp NULL DEFAULT NULL,
  PRIMARY KEY (`id`),
  UNIQUE KEY `users_correo_personal_unique` (`correo_personal`),
  UNIQUE KEY `users_codigo_unique` (`codigo`),
  UNIQUE KEY `users_api_token_unique` (`api_token`)
) ENGINE=MyISAM AUTO_INCREMENT=20 DEFAULT CHARSET=utf8 COLLATE=utf8_unicode_ci;

/*Data for the table `users` */

insert  into `users`(`id`,`nombre`,`apellido`,`telefono_movil`,`correo_personal`,`ruta_foto`,`id_sucursal`,`codigo`,`usuario`,`clave_actualizada`,`estado`,`nivel_acceso`,`password`,`api_token`,`remember_token`,`created_at`,`updated_at`) values (1,'charly','gastelo','978772143','alangb01@gmail.com',NULL,NULL,'','admin',1,'','1','$2y$10$FhjYtrWXCMSWRvbL.UYTuOEj6mJJS.KfJ3kPV/yze6LuZ7y/hsLWG','$2y$10$.0U30OQLZ3byu.OpA5IVTuW.7qRHhxx/EJWwuNx8hKcXdRCmj5YLm','ZHjfVzys1pwWtejWQAkLpEYK0aQ6UYxOEM3D33BAZouHX3RKu9IEG5zQLhG7','2016-11-17 21:18:34','2016-11-21 19:38:38'),(2,'Lexie','Hackett','1-614-840-6346 x9532','mraz.rosario@huels.com','',NULL,'mZgv0q2SKy','marlene.oreilly',0,'IN','0','$2y$10$4N0ynlhB8q0GJRetftfcTu.oWTMdHTOz/qZv1uDDJMk/Krq/Fb9la','$2y$10$frq0.X3EdcYg1wVDpllKe.wlsZ32GWGX4wB3IfhdahxB9Igglqvxq',NULL,'2016-11-17 21:18:37','2016-11-17 21:18:37'),(3,'Ottis','Botsford','1-342-507-5847 x84895','chaya45@hotmail.com','',NULL,'ac3qBQixbx','zrolfson',0,'AC','0','$2y$10$.m.fvpkJ1fpJGdLBspaTPuEPWYeXFLrLtZdvnuYYsB4a6uUhuxTfy','$2y$10$EYytE92qMUT2/G9bBkaVYO.WT.h2eZg2efKcb3/iQbiStfjp2Rq1i',NULL,'2016-11-17 21:18:37','2016-11-17 21:18:37'),(4,'Nicola','Fay','(262) 606-7936','strosin.litzy@davis.com','',NULL,'PrElSp0tCF','jayne.heathcote',0,'AC','0','$2y$10$4jruxORxPbL1jnlBcC8S/ug8oWtZfpJxlfV/WIAca2Ickeq8HyKNS','$2y$10$.0U30OQLZ3byu.OpA5IVTuW.7qRHhM/EJWwuNx8hKcXdRCmj5YLmO',NULL,'2016-11-17 21:18:37','2016-11-17 21:18:37'),(5,'Leslie','Quigley','1-536-413-4492','corrine.gaylord@fahey.com','',NULL,'yOmqa62Mju','maryam40',0,'IN','0','$2y$10$eEdZvycYf.ji2wzk/mDFYuM.NWS2G2auTxizvA6XrGXHGoJijYjGu','$2y$10$JeA56otENb7uizEEkpoX2OSLxOzoM4jPtXZSiHdxaKgzj7O.x1MZ.',NULL,'2016-11-17 21:18:37','2016-11-17 21:18:37'),(6,'Pansy','Bruen','1-403-432-5668','jrolfson@hotmail.com','',NULL,'j5bW4VnDUx','timothy.grady',0,'IN','0','$2y$10$LfvsXYefULpa8IQDwEKTLudxSWJ5z7YpQcSZAGENvUoRJwv3Qm4x6','$2y$10$hZSob2KfnnH.GptAY2K68O5s4YpUe.c1/qDEquIqlz8h0q8P1p4Km',NULL,'2016-11-17 21:18:37','2016-11-17 21:18:37'),(7,'Era','Upton','1-998-819-0742 x7099','cruickshank.matt@gmail.com','',NULL,'DMscj1qvAz','darryl30',0,'AC','0','$2y$10$O2qaklkViGMNoo/77OkSCOCqsdJwed0BM.gdsPu8SZ5cdd.kH4TFu','$2y$10$4IhDnJgk9SrgZg49COAM.OTWj5w7RiLWU69M1ZifEepuueppwzyT6',NULL,'2016-11-17 21:18:37','2016-11-17 21:18:37'),(8,'Jadyn','Bartell','(209) 206-7496 x508','maximo.nolan@johns.com','',NULL,'muyB7CwNHB','drodriguez',0,'IN','0','$2y$10$I6F4URp8ZJ6crABkdKB9z.X07bq8lmU2wuLWXZFcaBzz1SR5BD47u','$2y$10$HUJVptHt.sQgRdq/tYEDquzXN/Pzbd.cOfHH/hJz8I/M4ZLWVlyva',NULL,'2016-11-17 21:18:37','2016-11-17 21:18:37'),(9,'Karen','Wiegand','1-801-816-9257','uruecker@botsford.com','',NULL,'xvTTZRfVfY','tyra.reichert',0,'AC','0','$2y$10$.AOD2EOB10cIMB3wp.9SUesqc4ShhcfqRuAIS/klUzoc9ZnDvpZOi','$2y$10$4u.Hw40UjtJ21Wlhjhcn3OiQdrSUnkI8729mk91utzFziNxuFNHtC',NULL,'2016-11-17 21:18:37','2016-11-17 21:18:37'),(10,'Verner','Koss','+1-803-412-3398','kovacek.melyssa@gmail.com','',NULL,'NoLwSjc92B','fisher.roger',0,'IN','0','$2y$10$MrihwQ8Qj33gIG/QIlrxoOW0ztdHOKU5KXrtFG/grPn1YqIWgPdgG','$2y$10$sliWWhhFMCuOfKjRDqqIb.THG55cebnqf8ajLdKqeIYTxrOFEUxzu',NULL,'2016-11-17 21:18:37','2016-11-17 21:18:37'),(11,'Reymundo','Parker','1-871-754-6928 x2413','orn.laura@yahoo.com','',NULL,'57lR0ESnHt','eward',0,'IN','0','$2y$10$LMJFLwlhkT5dK4jruV079.ZymtvIO3GcneGqcym5IhELIqdwaXAtK','$2y$10$W3Rppx/8PnU2K3X6gDqip.1xG.qqlrBokPyMnMs8MPPcthrlJXy..',NULL,'2016-11-17 21:18:37','2016-11-17 21:18:37'),(12,'Melyssa','Connelly','(571) 537-8975 x72106','austyn.doyle@yahoo.com','',NULL,'dIVWmXO6vy','adolphus27',0,'AC','0','$2y$10$Uclz6zyMvLv1Dao.9.wsx.IyAgXkZ73NBF6G/LhKB4wwni5C8iSre','$2y$10$WJ7bsJBhemzHzTqgeuwM0OBGJZiKPuYVmrwEVDmNBfiMQdRXjK1DK',NULL,'2016-11-17 21:18:37','2016-11-17 21:18:37'),(13,'Nombre uno','Apellido uno',NULL,'correo@uno.com',NULL,NULL,'AB123','',0,'','0','','ZQA2DFs3DqWhT5xagMThYiHFVcWG8W5pJobZSEYL2iraC1hpxwYEwxJEnzsU',NULL,'2016-11-21 19:01:47','2016-11-21 19:01:47'),(14,'Nombre dos','Apellido dos',NULL,'correo@dos.com',NULL,NULL,'CD123','',0,'','0','','2O5t9oQv6ni1PZ5BAnZEpyVvDHPDnz1pQZJZ9PNuHXhdzmM2oP7o0nNOztF5',NULL,'2016-11-21 19:01:47','2016-11-21 19:01:47'),(15,'Nombre tres','Apellido tres',NULL,'correo@tres.com',NULL,NULL,'EF123','',0,'','0','','Z7URtz050ZoT7VRpQhnt7WxYmyv8eifLikQdS2LtKrAeQB8NVvZmp34xttae',NULL,'2016-11-21 19:01:47','2016-11-21 19:01:47'),(16,'Nombre cuatro','Apellido cuatro',NULL,'correo@cuatro.com',NULL,NULL,'AB456','',0,'','0','','2qPTcgVeOjy9aFlqGb8Owxez9UJzH1n97otE4zMXiyCELXc128wWzPRFiTC1',NULL,'2016-11-21 19:47:38','2016-11-21 19:47:38'),(17,'Nombre cinco','Apellido cinco',NULL,'correo@cinco.com',NULL,NULL,'CD456','',0,'','0','','iwFhmDqprt1tc3FUkoaKM1kLSDDdtMypJtla7LmZegVHWgx0Gv8GYaZ1zsZl',NULL,'2016-11-21 19:47:38','2016-11-21 19:47:38'),(18,'Nombre seis','Apellido seis',NULL,'correo@seis.com',NULL,NULL,'EF456','',0,'','0','','CJXZhJJjY3tbQZqvq4YhFGhJAg4uPs9grTSKAOp6kvqxesiRk8zDjRlblWZ1',NULL,'2016-11-21 19:47:38','2016-11-21 19:47:38'),(19,'alan','gastelo','','alan.gastelo@actibyte.pe','',NULL,'123','alangb01',0,'AC','1','$2y$10$kHP3QrTYRGejHOMTCuwrku7HAYHuYpBNN1G2NwwzpZ6toAYi5etaS','$2y$10$cQT28.W40rxVgQuMKaP77eDTU1WGLSVrjeQPn4olSWzYoIcDjWa1q',NULL,'2016-11-30 17:34:39','2016-11-30 17:34:39');

/*!40101 SET SQL_MODE=@OLD_SQL_MODE */;
/*!40014 SET FOREIGN_KEY_CHECKS=@OLD_FOREIGN_KEY_CHECKS */;
